linha_planilha,fold
2,4
3,4
4,0
5,3
6,3
7,1
8,3
9,0
10,0
11,2
12,1
13,4
14,1
15,3
16,4
17,4
18,4
19,4
20,3
21,0
22,1
23,4
24,0
25,3
26,3
27,1
28,2
29,4
30,2
31,1
32,1
33,1
34,3
35,1
36,3
37,3
38,3
39,1
40,1
41,0
42,1
43,4
44,0
45,3
46,4
47,3
48,0
49,2
50,0
51,1
52,0
53,1
54,1
55,4
56,2
57,2
58,0
59,3
60,2
61,4
62,2
63,2
64,0
65,2
66,3
67,0
68,1
69,3
70,1
71,2
72,3
73,3
74,4
75,3
76,1
77,2
78,4
79,4
80,2
81,2
82,1
83,4
84,1
85,4
86,1
87,0
88,0
89,4
90,3
91,4
92,2
93,4
94,4
95,1
96,1
97,2
98,3
99,1
100,2
101,2
102,1
103,1
104,0
105,2
106,0
107,1
108,4
109,2
110,1
111,4
112,0
113,1
114,2
115,0
116,4
117,1
118,4
119,3
120,4
121,3
122,3
123,4
124,4
125,2
126,2
127,1
128,4
129,4
130,2
131,4
132,2
133,0
134,0
135,0
136,4
137,1
138,4
139,3
140,1
141,1
142,1
143,0
144,0
145,2
146,2
147,4
148,1
149,0
150,0
151,0
152,0
153,0
154,0
155,1
156,1
157,4
158,0
159,4
160,2
161,0
162,1
163,0
164,2
165,2
166,4
167,1
168,4
169,2
170,1
171,4
172,0
173,4
174,3
175,0
176,0
177,2
178,4
179,2
180,4
181,2
182,0
183,4
184,0
185,2
186,3
187,1
188,2
189,1
190,1
191,4
192,4
193,4
194,2
195,1
196,2
197,1
198,1
199,4
200,4
201,0
202,0
203,3
204,3
205,4
206,4
207,1
208,4
209,1
210,1
211,2
212,3
213,4
214,2
215,3
216,2
217,3
218,0
219,2
220,3
221,3
222,4
223,0
224,2
225,1
226,1
227,4
228,1
229,4
230,3
231,2
232,3
233,2
234,4
235,0
236,2
237,2
238,3
239,4
240,4
241,2
242,1
243,1
244,2
245,3
246,2
247,3
248,3
249,2
250,2
251,2
252,3
253,3
254,1
255,1
256,2
257,4
258,2
259,1
260,1
261,4
262,4
263,1
264,3
265,0
266,4
267,2
268,0
269,0
270,3
271,1
272,1
273,2
274,0
275,1
276,2
277,1
278,3
279,3
280,2
281,4
282,2
283,4
284,4
285,4
286,1
287,1
288,0
289,3
290,3
291,4
292,3
293,3
294,4
295,0
296,0
297,2
298,0
299,3
300,0
301,1
302,4
303,3
304,0
305,3
306,4
307,3
308,1
309,2
310,0
311,2
312,0
313,2
314,0
315,3
316,1
317,0
318,4
319,3
320,3
321,2
322,0
323,1
324,4
325,2
326,0
327,0
328,0
329,0
330,1
331,0
332,0
333,1
334,0
335,2
336,2
337,3
338,2
339,2
340,4
341,1
342,3
343,0
344,0
345,0
346,3
347,1
348,3
349,4
350,2
351,3
352,2
353,4
354,4
355,3
356,1
357,4
358,0
359,1
360,0
361,3
362,0
363,1
364,4
365,1
366,2
367,2
368,3
369,3
370,3
371,3
372,3
373,2
374,3
375,3
376,2
377,0
378,2
379,4
380,3
381,3
382,1
383,0
384,2
385,1
386,1
387,1
388,1
389,0
390,3
391,4
392,3
393,2
394,2
395,4
396,2
397,0
398,4
399,0
400,4
401,1
402,0
403,0
404,2
405,2
406,3
407,2
408,2
409,4
410,1
411,3
412,1
413,3
414,1
415,4
416,1
417,1
418,1
419,0
420,0
421,4
422,0
423,4
424,2
425,4
426,0
427,1
428,4
429,0
430,2
431,1
432,1
433,3
434,3
435,3
436,0
437,4
438,3
439,0
440,4
441,1
442,0
443,1
444,4
445,1
446,1
447,2
448,4
449,2
450,1
451,1
452,1
453,3
454,0
455,2
456,4
457,0
458,4
459,2
460,4
461,3
462,0
463,4
464,4
465,3
466,0
467,1
468,4
469,4
470,1
471,1
472,2
473,3
474,2
475,3
476,2
477,3
478,0
479,4
480,4
481,0
482,1
483,1
484,4
485,1
486,2
487,2
488,3
489,0
490,0
491,2
492,2
493,3
494,0
495,3
496,0
497,2
498,3
499,4
500,2
501,4
502,4
503,1
504,1
505,4
506,3
507,4
508,3
509,1
510,0
511,0
512,0
513,4
514,1
515,3
516,2
517,0
518,2
519,4
520,3
521,3
522,2
523,2
524,4
525,3
526,0
527,0
528,3
529,2
530,0
531,1
532,2
533,4
534,0
535,1
536,3
537,1
538,4
539,2
540,2
541,1
542,3
543,2
544,0
545,3
546,4
547,1
548,3
549,1
550,3
551,3
552,3
553,3
554,3
555,0
556,3
557,0
558,3
559,2
560,3
561,1
562,4
563,0
564,1
565,2
566,3
567,1
568,2
569,4
570,4
571,0
572,3
573,4
574,3
575,0
576,4
577,2
578,3
579,1
580,3
581,0
582,0
583,4
584,3
585,3
586,1
587,2
588,3
589,3
590,4
591,0
592,2
593,2
594,2
595,0
596,4
597,0
598,4
599,3
600,2
601,2
602,1
603,2
604,0
605,1
606,1
607,3
608,3
609,2
610,4
611,1
612,2
613,2
614,3
615,3
616,1
617,0
618,4
619,3
620,2
621,4
622,2
623,3
624,2
625,3
626,3
627,1
628,4
629,4
630,2
631,2
632,0
633,0
634,4
635,2
636,4
637,2
638,3
639,1
640,4
641,2
642,0
643,3
644,1
645,4
646,1
647,4
648,4
649,4
650,1
651,2
652,4
653,4
654,3
655,3
656,1
657,3
658,2
659,2
660,2
661,0
662,2
663,3
664,2
665,3
666,4
667,3
668,1
669,1
670,3
671,3
672,1
673,2
674,3
675,4
676,4
677,2
678,3
679,2
680,2
681,0
682,3
683,3
684,0
685,2
686,2
687,3
688,1
689,2
690,4
691,4
692,3
693,3
694,4
695,4
696,3
697,1
698,3
699,1
700,1
701,4
702,4
703,1
704,0
705,0
706,4
707,4
708,2
709,3
710,0
711,2
712,0
713,4
714,2
715,0
716,0
717,2
718,1
719,4
720,2
721,4
722,0
723,4
724,1
725,0
726,0
727,1
728,0
729,0
730,2
731,4
732,4
733,4
734,0
735,1
736,1
737,4
738,3
739,1
740,3
741,4
742,3
743,2
744,2
745,4
746,0
747,2
748,2
749,4
750,1
751,2
752,0
753,3
754,3
755,4
756,4
757,4
758,0
759,3
760,4
761,4
762,2
763,2
764,2
765,0
766,0
767,3
768,3
769,1
770,4
771,3
772,0
773,0
774,4
775,0
776,4
777,1
778,2
779,2
780,1
781,1
782,4
783,4
784,2
785,0
786,0
787,0
788,4
789,4
790,3
791,2
792,0
793,4
794,1
795,3
796,0
797,2
798,3
799,0
800,1
801,0
802,2
803,4
804,2
805,4
806,1
807,3
808,1
809,2
810,2
811,0
812,3
813,1
814,2
815,4
816,1
817,2
818,3
819,2
820,2
821,2
822,0
823,1
824,4
825,4
826,0
827,0
828,2
829,1
830,0
831,4
832,2
833,1
834,1
835,4
836,4
837,4
838,2
839,3
840,4
841,2
842,1
843,4
844,3
845,3
846,3
847,3
848,3
849,4
850,1
851,4
852,3
853,1
854,4
855,1
856,4
857,4
858,3
859,0
860,2
861,0
862,4
863,3
864,4
865,4
866,0
867,0
868,0
869,2
870,2
871,1
872,4
873,4
874,2
875,3
876,0
877,1
878,1
879,0
880,3
881,0
882,1
883,4
884,1
885,3
886,4
887,3
888,4
889,1
890,3
891,1
892,1
893,3
894,4
895,2
896,3
897,0
898,4
899,1
900,1
901,3
902,0
903,2
904,3
905,0
906,4
907,2
908,3
909,1
910,1
911,0
912,2
913,0
914,2
915,1
916,4
917,4
918,2
919,1
920,3
921,2
922,1
923,1
924,0
925,4
926,1
927,3
928,2
929,3
930,2
931,2
932,2
933,2
934,1
935,2
936,1
937,1
938,3
939,1
940,1
941,0
942,0
943,1
944,4
945,1
946,0
947,2
948,2
949,2
950,4
951,1
952,2
953,3
954,2
955,3
956,2
957,1
958,3
959,4
960,3
961,2
962,3
963,3
964,1
965,2
966,0
967,4
968,2
969,3
970,0
971,1
972,1
973,3
974,3
975,2
976,0
977,2
978,4
979,0
980,2
981,2
982,2
983,4
984,0
985,3
986,2
987,1
988,2
989,1
990,2
991,3
992,1
993,4
994,2
995,3
996,2
997,0
998,2
999,0
1000,2
1001,1
1002,0
1003,2
1004,2
1005,0
1006,0
1007,3
1008,0
1009,4
1010,1
1011,1
1012,0
1013,1
1014,2
1015,0
1016,2
1017,2
1018,1
1019,4
1020,1
1021,2
1022,2
1023,0
1024,1
1025,0
1026,0
1027,3
1028,0
1029,2
1030,1
1031,3
1032,1
1033,4
1034,4
1035,2
1036,3
1037,4
1038,2
1039,0
1040,4
1041,4
1042,2
1043,2
1044,0
1045,4
1046,0
1047,0
1048,1
1049,1
1050,2
1051,1
1052,4
1053,4
1054,0
1055,1
1056,1
1057,3
1058,4
1059,4
1060,0
1061,3
1062,1
1063,4
1064,1
1065,0
1066,3
1067,3
1068,0
1069,2
1070,4
1071,1
1072,4
1073,3
1074,4
1075,2
1076,3
1077,0
1078,3
1079,2
1080,1
1081,2
1082,1
1083,1
1084,3
1085,1
1086,4
1087,1
1088,2
1089,4
1090,3
1091,3
1092,1
1093,3
1094,2
1095,1
1096,0
1097,4
1098,2
1099,2
1100,3
1101,1
1102,3
1103,2
1104,3
1105,1
1106,1
1107,0
1108,3
1109,2
1110,2
1111,1
1112,0
1113,3
1114,3
1115,4
1116,2
1117,3
1118,2
1119,1
1120,3
1121,3
1122,0
1123,3
1124,0
1125,0
1126,3
1127,3
1128,0
1129,3
1130,3
1131,2
1132,1
1133,0
1134,1
1135,4
1136,1
1137,4
1138,2
1139,0
1140,1
1141,4
1142,1
1143,4
1144,4
1145,0
1146,2
1147,2
1148,4
1149,0
1150,4
1151,2
1152,4
1153,3
1154,3
1155,2
1156,3
1157,1
1158,1
1159,2
1160,1
1161,0
1162,4
1163,4
1164,0
1165,3
1166,4
1167,3
1168,0
1169,0
1170,3
1171,0
1172,0
1173,1
1174,3
1175,0
1176,4
1177,2
1178,2
1179,1
1180,4
1181,4
1182,0
1183,3
1184,3
1185,4
1186,2
1187,3
1188,0
1189,2
1190,4
1191,0
1192,3
1193,3
1194,0
1195,2
1196,3
1197,1
1198,3
1199,2
1200,0
1201,4
1202,4
1203,0
1204,0
1205,1
1206,0
1207,1
1208,3
1209,1
1210,3
1211,0
1212,3
1213,2
1214,2
1215,2
1216,1
1217,0
1218,1
1219,3
1220,1
1221,3
1222,2
1223,1
1224,1
1225,4
1226,2
1227,1
1228,0
1229,1
1230,2
1231,0
1232,2
1233,0
1234,4
1235,0
1236,4
1237,3
1238,2
1239,3
1240,0
1241,1
1242,3
1243,3
1244,0
1245,4
1246,3
1247,3
1248,3
1249,4
1250,2
1251,2
1252,3
1253,1
1254,2
1255,4
1256,1
1257,0
1258,0
1259,4
1260,3
1261,1
1262,0
1263,3
1264,0
1265,1
1266,3
1267,2
1268,2
1269,4
1270,4
1271,1
1272,0
1273,3
1274,0
1275,2
1276,3
1277,4
1278,3
1279,2
1280,4
1281,2
1282,3
1283,2
1284,4
1285,3
1286,3
1287,1
1288,4
1289,1
1290,0
1291,2
1292,2
1293,0
1294,0
1295,0
1296,0
1297,0
1298,0
1299,0
1300,4
1301,4
1302,4
1303,1
1304,1
1305,4
1306,2
1307,4
1308,0
1309,2
1310,3
1311,3
1312,4
1313,4
1314,0
1315,0
1316,2
1317,2
1318,1
1319,0
1320,4
1321,0
1322,4
1323,4
1324,3
1325,1
1326,2
1327,0
1328,4
1329,2
1330,1
1331,3
1332,0
1333,4
1334,1
1335,3
1336,2
1337,1
1338,1
1339,1
1340,2
1341,3
1342,0
1343,2
1344,1
1345,4
1346,0
1347,4
1348,2
1349,3
1350,3
1351,2
1352,0
1353,3
1354,3
1355,2
1356,3
1357,4
1358,1
1359,1
1360,0
1361,1
1362,4
1363,1
1364,4
1365,1
1366,2
1367,4
1368,3
1369,4
1370,0
1371,2
1372,0
1373,2
1374,2
1375,4
1376,2
1377,0
1378,2
1379,4
1380,3
1381,1
1382,3
1383,2
1384,2
1385,4
1386,2
1387,3
1388,2
1389,2
1390,2
1391,2
1392,4
1393,1
1394,2
1395,2
1396,4
1397,3
1398,0
1399,4
1400,3
1401,0
1402,0
1403,1
1404,2
1405,0
1406,0
1407,4
1408,3
1409,3
1410,1
1411,1
1412,0
1413,2
1414,3
1415,0
1416,3
1417,1
1418,0
1419,3
1420,0
1421,2
1422,1
1423,1
1424,1
1425,2
1426,3
1427,3
1428,4
1429,2
1430,3
1431,3
1432,0
1433,3
1434,4
1435,0
1436,0
1437,1
1438,1
1439,4
1440,3
1441,2
1442,1
1443,2
1444,2
1445,2
1446,2
1447,4
1448,3
1449,0
1450,3
1451,2
1452,3
1453,4
1454,0
1455,1
1456,1
1457,1
1458,3
1459,4
1460,4
1461,1
1462,3
1463,2
1464,2
1465,0
1466,1
1467,3
1468,2
1469,0
1470,3
1471,0
1472,3
1473,4
1474,1
1475,1
1476,4
1477,1
1478,3
1479,2
1480,2
1481,1
1482,2
1483,2
1484,4
1485,0
1486,1
1487,0
1488,2
1489,3
1490,0
1491,0
1492,1
1493,2
1494,3
1495,1
1496,0
1497,3
1498,2
1499,3
1500,1
1501,0
1502,0
1503,2
1504,4
1505,0
1506,2
1507,0
1508,4
1509,3
1510,0
1511,0
1512,2
1513,3
1514,4
1515,0
1516,1
1517,1
1518,4
1519,2
1520,2
1521,4
1522,1
1523,4
1524,0
1525,1
1526,2
1527,1
1528,1
1529,4
1530,4
1531,3
1532,3
1533,0
1534,0
1535,0
1536,0
1537,2
1538,0
1539,1
1540,2
1541,1
1542,3
1543,1
1544,3
1545,4
1546,2
1547,4
1548,4
1549,4
1550,0
1551,2
1552,1
1553,0
1554,1
1555,3
1556,0
1557,4
1558,1
1559,1
1560,3
1561,4
1562,1
1563,2
1564,2
1565,3
1566,0
1567,2
1568,1
1569,3
1570,3
1571,3
1572,4
1573,0
1574,0
1575,0
1576,1
1577,3
1578,4
1579,2
1580,3
1581,4
1582,3
1583,2
1584,3
1585,1
1586,4
1587,4
1588,3
1589,3
1590,4
1591,2
1592,2
1593,1
1594,1
1595,4
1596,2
1597,1
1598,2
1599,0
1600,3
1601,0
1602,4
1603,0
1604,0
1605,3
1606,3
1607,1
1608,0
1609,1
1610,3
1611,0
1612,4
1613,0
1614,4
1615,3
1616,0
1617,0
1618,3
1619,0
1620,2
1621,3
1622,3
1623,3
1624,2
1625,2
1626,1
1627,2
1628,4
1629,0
1630,3
1631,3
1632,2
1633,1
1634,4
1635,1
1636,2
1637,4
1638,0
1639,4
1640,4
1641,1
1642,3
1643,0
1644,0
1645,0
1646,4
1647,0
1648,4
1649,4
1650,4
1651,3
1652,2
1653,0
1654,4
1655,4
1656,0
1657,2
1658,3
1659,3
1660,4
1661,0
1662,1
1663,4
1664,4
1665,0
1666,1
1667,0
1668,4
1669,2
1670,0
1671,1
1672,3
1673,3
1674,1
1675,3
1676,0
1677,0
1678,0
1679,1
1680,0
1681,1
1682,3
1683,3
1684,3
1685,2
1686,2
1687,2
1688,1
1689,1
1690,0
1691,1
1692,0
1693,3
1694,2
1695,0
1696,0
1697,3
1698,0
1699,2
1700,1
1701,3
1702,1
1703,3
1704,3
1705,1
1706,4
1707,3
1708,0
1709,3
1710,4
1711,1
1712,0
1713,3
1714,0
1715,2
1716,3
1717,0
1718,2
1719,0
1720,0
1721,2
1722,4
1723,4
1724,1
1725,4
1726,0
1727,3
1728,1
1729,2
1730,1
1731,3
1732,4
1733,1
1734,0
1735,4
1736,2
1737,3
1738,1
1739,2
1740,4
1741,4
1742,4
1743,0
1744,0
1745,4
1746,3
1747,0
1748,0
1749,0
1750,1
1751,3
1752,3
1753,4
1754,3
1755,3
1756,3
1757,3
1758,0
1759,4
1760,4
1761,0
1762,1
1763,1
1764,4
1765,4
1766,1
1767,1
1768,3
1769,0
1770,2
1771,4
1772,4
1773,2
1774,0
1775,1
1776,2
1777,0
1778,4
1779,2
1780,0
1781,2
1782,4
1783,3
1784,0
1785,3
1786,0
1787,4
1788,3
1789,0
1790,4
1791,0
1792,3
1793,4
1794,0
1795,1
1796,0
1797,2
1798,3
1799,3
1800,0
1801,4
1802,0
1803,4
1804,2
1805,1
1806,4
1807,1
1808,1
1809,3
1810,3
1811,2
1812,0
1813,2
1814,2
1815,4
1816,1
1817,0
1818,2
1819,2
1820,2
1821,0
1822,2
1823,3
1824,0
1825,2
1826,2
1827,0
1828,2
1829,0
1830,1
1831,2
1832,0
1833,0
1834,4
1835,1
1836,2
1837,3
1838,2
1839,1
1840,4
1841,4
1842,1
1843,4
1844,1
1845,2
1846,4
1847,2
1848,3
1849,4
1850,1
1851,4
1852,3
1853,1
1854,3
1855,3
1856,0
1857,2
1858,0
1859,0
1860,3
1861,3
1862,1
1863,1
1864,4
1865,2
1866,4
1867,0
1868,4
1869,3
1870,0
1871,1
1872,4
1873,2
1874,1
1875,0
1876,4
1877,2
1878,1
1879,2
1880,0
1881,1
1882,2
1883,2
1884,1
1885,2
1886,3
1887,3
1888,3
1889,3
1890,3
1891,3
1892,3
1893,2
1894,3
1895,0
1896,0
1897,0
1898,1
1899,0
1900,1
1901,4
1902,4
1903,2
1904,4
1905,2
1906,3
1907,0
1908,1
1909,2
1910,1
1911,2
1912,0
1913,3
1914,3
1915,3
1916,4
1917,1
1918,0
1919,1
1920,1
1921,4
1922,1
1923,3
1924,3
1925,3
1926,3
1927,4
1928,3
1929,4
1930,4
1931,4
1932,3
1933,4
1934,4
1935,0
1936,4
1937,3
1938,0
1939,4
1940,0
1941,0
1942,0
1943,4
1944,3
1945,2
1946,0
1947,1
1948,3
1949,2
1950,4
1951,3
1952,4
1953,2
1954,2
1955,2
1956,1
1957,1
1958,3
1959,3
1960,4
1961,1
1962,1
1963,1
1964,4
1965,2
1966,0
1967,2
1968,2
1969,1
1970,1
1971,3
1972,4
1973,4
1974,3
1975,4
1976,4
1977,2
1978,3
1979,2
1980,0
1981,3
1982,3
1983,3
1984,1
1985,1
1986,2
1987,0
1988,0
1989,3
1990,4
1991,2
1992,1
1993,4
1994,2
1995,1
1996,0
1997,3
1998,2
1999,1
2000,4
2001,2
2002,2
2003,0
2004,0
2005,3
2006,2
2007,3
2008,0
2009,1
2010,0
2011,2
2012,4
2013,3
2014,1
2015,2
2016,4
2017,3
2018,2
2019,4
2020,1
2021,0
2022,3
2023,3
2024,3
2025,4
2026,0
2027,3
2028,2
2029,2
2030,4
2031,0
2032,4
2033,2
2034,2
2035,0
2036,1
2037,3
2038,4
2039,4
2040,1
2041,3
2042,3
2043,1
2044,4
2045,2
2046,3
2047,3
2048,1
2049,3
2050,0
2051,1
2052,1
2053,3
2054,1
2055,0
2056,2
2057,1
2058,4
2059,0
2060,2
2061,0
2062,0
2063,1
2064,0
2065,2
2066,3
2067,2
2068,3
2069,1
2070,3
2071,0
2072,1
2073,3
2074,4
2075,3
2076,3
2077,1
2078,2
2079,0
2080,0
2081,4
2082,2
2083,4
2084,1
2085,1
2086,4
2087,1
2088,4
2089,2
2090,2
2091,1
2092,3
2093,1
2094,4
2095,4
2096,1
2097,3
2098,2
2099,4
2100,2
2101,3
2102,3
2103,0
2104,3
2105,4
2106,1
2107,2
2108,3
2109,4
2110,2
2111,1
2112,2
2113,4
2114,2
2115,0
2116,1
2117,3
2118,2
2119,4
2120,0
2121,4
2122,2
2123,3
2124,0
2125,0
2126,2
2127,3
2128,1
2129,2
2130,4
2131,1
2132,0
2133,2
2134,0
2135,4
2136,2
2137,0
2138,1
2139,0
2140,3
2141,0
2142,2
2143,4
2144,1
2145,1
2146,0
2147,3
2148,4
2149,3
2150,4
2151,1
2152,3
2153,3
2154,4
2155,2
2156,4
2157,4
2158,2
2159,1
2160,3
2161,3
2162,3
2163,1
2164,1
2165,4
2166,2
2167,1
2168,0
2169,3
2170,3
2171,2
2172,4
2173,0
2174,0
2175,1
2176,3
2177,3
2178,2
2179,4
2180,4
2181,3
2182,2
2183,1
2184,3
2185,4
2186,4
2187,0
2188,4
2189,2
2190,2
2191,4
2192,0
2193,3
2194,3
2195,4
2196,0
2197,0
2198,2
2199,4
2200,1
2201,0
2202,2
2203,1
2204,3
2205,4
2206,2
2207,4
2208,0
2209,0
2210,1
2211,3
2212,2
2213,4
2214,0
2215,0
2216,2
2217,2
2218,4
2219,0
2220,3
2221,0
2222,4
2223,0
2224,0
2225,3
2226,3
2227,0
2228,0
2229,0
2230,2
2231,1
2232,0
2233,0
2234,4
2235,1
2236,4
2237,2
2238,1
2239,4
2240,4
2241,0
2242,4
2243,0
2244,1
2245,0
2246,0
2247,4
2248,4
2249,0
2250,2
2251,2
2252,4
2253,0
2254,0
2255,2
2256,1
2257,3
2258,2
2259,2
2260,2
2261,4
2262,1
2263,2
2264,1
2265,4
2266,3
2267,3
2268,1
2269,0
2270,4
2271,4
2272,1
2273,1
2274,4
2275,4
2276,4
2277,3
2278,3
2279,0
2280,3
2281,3
2282,1
2283,4
2284,4
2285,1
2286,3
2287,2
2288,3
2289,4
2290,1
2291,1
2292,2
2293,4
2294,0
2295,2
2296,0
2297,2
2298,2
2299,3
2300,1
2301,2
2302,4
2303,3
2304,4
2305,2
2306,1
2307,1
2308,0
2309,3
2310,3
2311,0
2312,1
2313,0
2314,0
2315,3
2316,3
2317,1
2318,3
2319,3
2320,2
2321,2
2322,0
2323,3
2324,4
2325,1
2326,1
2327,2
2328,2
2329,3
2330,3
2331,4
2332,0
2333,0
2334,0
2335,4
2336,0
2337,2
2338,3
2339,2
2340,2
2341,1
2342,3
2343,1
2344,2
2345,0
2346,0
2347,1
2348,4
2349,1
2350,2
2351,3
2352,0
2353,0
2354,3
2355,2
2356,0
2357,1
2358,3
2359,4
2360,0
2361,4
2362,4
2363,2
2364,1
2365,0
2366,1
2367,2
2368,1
2369,4
2370,0
2371,1
2372,2
2373,2
2374,3
2375,0
2376,0
2377,0
2378,3
2379,2
2380,2
2381,0
2382,2
2383,3
2384,3
2385,1
2386,2
2387,2
2388,1
2389,2
2390,1
2391,4
2392,0
2393,1
2394,4
2395,2
2396,1
2397,3
2398,4
2399,0
2400,2
2401,4
2402,3
2403,4
2404,4
2405,0
2406,0
2407,1
2408,3
2409,1
2410,4
2411,3
2412,3
2413,2
2414,0
2415,0
2416,2
2417,1
2418,0
2419,1
2420,1
2421,4
2422,1
2423,3
2424,2
2425,2
2426,1
2427,3
2428,0
2429,2
2430,0
2431,4
2432,0
2433,4
2434,4
2435,0
2436,3
2437,0
2438,3
2439,0
2440,0
2441,3
2442,3
2443,0
2444,2
2445,4
2446,4
2447,0
2448,1
2449,2
2450,1
2451,2
2452,2
2453,3
2454,4
2455,1
2456,4
2457,3
2458,4
2459,1
2460,1
2461,1
2462,4
2463,0
2464,4
2465,4
2466,3
2467,4
2468,2
2469,4
2470,1
2471,3
2472,3
2473,4
2474,2
2475,2
2476,4
2477,4
2478,3
2479,2
2480,0
2481,3
2482,0
2483,0
2484,3
2485,1
2486,2
2487,0
2488,1
2489,0
2490,2
2491,1
2492,0
2493,1
2494,3
2495,0
2496,1
2497,4
2498,0
2499,1
2500,3
2501,0
2502,4
2503,1
2504,2
2505,1
2506,3
2507,2
2508,0
2509,4
2510,1
2511,1
2512,3
2513,4
2514,2
2515,4
2516,4
2517,0
2518,1
2519,0
2520,2
2521,4
2522,4
2523,0
2524,1
2525,1
2526,3
2527,1
2528,4
2529,0
2530,3
2531,4
2532,4
2533,0
2534,1
2535,1
2536,2
2537,4
2538,4
2539,4
2540,3
2541,3
2542,3
2543,2
2544,2
2545,1
2546,0
2547,2
2548,3
2549,2
2550,2
2551,0
2552,1
2553,3
2554,3
2555,1
2556,4
2557,3
2558,1
2559,0
2560,2
2561,0
2562,0
2563,1
2564,3
2565,1
2566,3
2567,2
2568,1
2569,0
2570,3
2571,2
2572,4
2573,1
2574,0
2575,4
2576,3
2577,3
2578,0
2579,3
2580,4
2581,3
2582,3
2583,4
2584,4
2585,1
2586,4
2587,0
2588,4
2589,4
2590,3
2591,1
2592,0
2593,2
2594,3
2595,2
2596,2
2597,1
2598,0
2599,3
2600,2
2601,1
2602,4
2603,1
2604,1
2605,4
2606,4
2607,2
2608,2
2609,2
2610,0
2611,4
2612,3
2613,2
2614,3
2615,2
2616,2
2617,4
2618,3
2619,4
2620,3
2621,4
2622,4
2623,1
2624,3
2625,0
2626,3
2627,2
2628,3
2629,1
2630,2
2631,4
2632,3
2633,2
2634,2
2635,3
2636,1
2637,1
2638,2
2639,4
2640,3
2641,3
2642,4
2643,2
2644,3
2645,1
2646,2
2647,3
2648,0
2649,0
2650,0
2651,4
2652,0
2653,1
2654,4
2655,4
2656,4
2657,0
2658,0
2659,3
2660,0
2661,4
2662,4
2663,1
2664,4
2665,0
2666,4
2667,0
2668,0
2669,4
2670,2
2671,2
2672,1
2673,2
2674,3
2675,4
2676,4
2677,2
2678,0
2679,4
2680,2
2681,1
2682,1
2683,0
2684,2
2685,2
2686,1
2687,3
2688,4
2689,0
2690,1
2691,3
2692,1
2693,3
2694,3
2695,0
2696,2
2697,0
2698,0
2699,2
2700,3
2701,3
2702,2
2703,2
2704,1
2705,1
2706,1
2707,2
2708,1
2709,1
2710,0
2711,3
2712,1
2713,0
2714,3
2715,3
2716,1
2717,3
2718,1
2719,0
2720,2
2721,3
2722,2
2723,2
2724,2
2725,2
2726,3
2727,3
2728,3
2729,1
2730,0
2731,3
2732,2
2733,4
2734,3
2735,2
2736,1
2737,4
2738,2
2739,4
2740,3
2741,2
2742,1
2743,4
2744,3
2745,1
2746,4
2747,3
2748,1
2749,1
2750,4
2751,1
2752,1
2753,1
2754,4
2755,2
2756,4
2757,1
2758,3
2759,2
2760,1
2761,3
2762,4
2763,3
2764,2
2765,0
2766,3
2767,1
2768,3
2769,3
2770,1
2771,2
2772,4
2773,0
2774,4
2775,2
2776,3
2777,2
2778,3
2779,3
2780,2
2781,4
2782,3
2783,1
2784,2
2785,4
2786,1
2787,0
2788,2
2789,0
2790,0
2791,3
2792,0
2793,2
2794,0
2795,4
2796,1
2797,0
2798,2
2799,1
2800,3
2801,4
2802,0
2803,4
2804,0
2805,0
2806,3
2807,4
2808,2
2809,0
2810,4
2811,4
2812,1
2813,3
2814,2
2815,0
2816,2
2817,0
2818,1
2819,1
2820,3
2821,1
2822,1
2823,3
2824,1
2825,2
2826,4
2827,1
2828,3
2829,2
2830,1
2831,3
2832,4
2833,3
2834,0
2835,4
2836,2
2837,1
2838,3
2839,4
2840,3
2841,1
2842,0
2843,0
2844,3
2845,0
2846,0
2847,3
2848,1
2849,2
2850,3
2851,0
2852,1
2853,1
2854,1
2855,1
2856,1
2857,1
2858,2
2859,4
2860,4
2861,4
2862,4
2863,1
2864,2
2865,4
2866,2
2867,3
2868,3
2869,3
2870,1
2871,4
2872,4
2873,1
2874,0
2875,3
2876,4
2877,0
2878,1
2879,3
2880,1
2881,2
2882,3
2883,3
2884,1
2885,1
2886,3
2887,3
2888,3
2889,0
2890,1
2891,4
2892,1
2893,0
2894,3
2895,3
2896,1
2897,3
2898,2
2899,2
2900,4
2901,3
2902,4
2903,4
2904,1
2905,1
2906,1
2907,1
2908,1
2909,0
2910,0
2911,3
2912,0
2913,1
2914,0
2915,1
2916,2
2917,0
2918,3
2919,3
2920,3
2921,4
2922,1
2923,1
2924,4
2925,1
2926,4
2927,4
2928,1
2929,0
2930,3
2931,4
2932,0
2933,4
2934,1
2935,4
2936,3
2937,1
2938,0
2939,3
2940,4
2941,0
2942,4
2943,2
2944,1
2945,4
2946,3
2947,4
2948,0
2949,2
2950,2
2951,3
2952,2
2953,2
2954,1
2955,3
2956,1
2957,2
2958,3
2959,0
2960,1
2961,0
2962,3
2963,1
2964,3
2965,3
2966,3
2967,2
2968,3
2969,3
2970,2
2971,3
2972,0
2973,4
2974,4
2975,1
2976,3
2977,2
2978,3
2979,1
2980,3
2981,0
2982,4
2983,2
2984,2
2985,4
2986,0
2987,3
2988,4
2989,1
2990,2
2991,2
2992,4
2993,3
2994,1
2995,4
2996,4
2997,3
2998,3
2999,3
3000,4
3001,3
3002,0
3003,3
3004,1
3005,4
3006,4
3007,2
3008,1
3009,2
3010,0
3011,3
3012,0
3013,4
3014,0
3015,2
3016,4
3017,0
3018,2
3019,2
3020,1
3021,3
3022,0
3023,1
3024,1
3025,1
3026,1
3027,2
3028,0
3029,0
3030,1
3031,4
3032,2
3033,3
3034,2
3035,2
3036,0
3037,2
3038,0
3039,0
3040,0
3041,2
3042,3
3043,4
3044,0
3045,2
3046,3
3047,0
3048,1
3049,0
3050,2
3051,1
3052,3
3053,1
3054,2
3055,3
3056,4
3057,0
3058,4
3059,1
3060,1
3061,0
3062,3
3063,1
3064,0
3065,1
3066,1
3067,3
3068,0
3069,1
3070,3
3071,3
3072,0
3073,2
3074,1
3075,3
3076,0
3077,4
3078,0
3079,4
3080,1
3081,3
3082,2
3083,3
3084,1
3085,1
3086,3
3087,1
3088,3
3089,1
3090,3
3091,4
3092,3
3093,2
3094,2
3095,0
3096,0
3097,4
3098,2
3099,2
3100,3
3101,3
3102,0
3103,3
3104,2
3105,2
3106,4
3107,3
3108,4
3109,1
3110,1
3111,2
3112,0
3113,0
3114,0
3115,4
3116,4
3117,3
3118,3
3119,2
3120,3
3121,3
3122,3
3123,4
3124,4
3125,2
3126,2
3127,0
3128,2
3129,2
3130,3
3131,1
3132,4
3133,2
3134,2
3135,4
3136,1
3137,0
3138,3
3139,1
3140,1
3141,1
3142,0
3143,1
3144,4
3145,4
3146,2
3147,1
3148,2
3149,1
3150,1
3151,2
3152,2
3153,2
3154,0
3155,1
3156,3
3157,2
3158,2
3159,0
3160,2
3161,3
3162,1
3163,3
3164,0
3165,1
3166,2
3167,0
3168,1
3169,2
3170,2
3171,0
3172,3
3173,0
3174,4
3175,3
3176,3
3177,3
3178,0
3179,1
3180,0
3181,0
3182,4
3183,1
3184,2
3185,3
3186,4
3187,1
3188,4
3189,1
3190,4
3191,4
3192,0
3193,3
3194,3
3195,4
3196,2
3197,1
3198,0
3199,4
3200,4
3201,3
3202,3
3203,2
3204,2
3205,2
3206,2
3207,3
3208,3
3209,3
3210,2
3211,2
3212,2
3213,1
3214,0
3215,4
3216,2
3217,2
3218,4
3219,0
3220,2
3221,1
3222,3
3223,1
3224,0
3225,1
3226,3
3227,2
3228,2
3229,3
3230,1
3231,2
3232,0
3233,3
3234,4
3235,1
3236,4
3237,2
3238,1
3239,0
3240,2
3241,4
3242,3
3243,4
3244,3
3245,3
3246,2
3247,4
3248,3
3249,1
3250,4
3251,2
3252,0
3253,2
3254,4
3255,3
3256,3
3257,3
3258,0
3259,4
3260,2
3261,3
3262,1
3263,1
3264,0
3265,3
3266,1
3267,2
3268,4
3269,0
3270,4
3271,0
3272,1
3273,0
3274,1
3275,3
3276,3
3277,3
3278,1
3279,4
3280,1
3281,1
3282,1
3283,0
3284,0
3285,4
3286,0
3287,0
3288,1
3289,2
3290,4
3291,2
3292,4
3293,1
3294,2
3295,2
3296,1
3297,0
3298,1
3299,3
3300,1
3301,0
3302,3
3303,0
3304,0
3305,2
3306,3
3307,1
3308,0
3309,3
3310,4
3311,2
3312,3
3313,3
3314,1
3315,1
3316,3
3317,1
3318,4
3319,2
3320,0
3321,2
3322,0
3323,0
3324,1
3325,3
3326,4
3327,2
3328,2
3329,0
3330,2
3331,0
3332,2
3333,0
3334,1
3335,4
3336,3
3337,2
3338,3
3339,4
3340,1
3341,2
3342,0
3343,2
3344,4
3345,2
3346,1
3347,1
3348,1
3349,3
3350,3
3351,1
3352,0
3353,0
3354,1
3355,0
3356,2
3357,1
3358,0
3359,1
3360,1
3361,0
3362,2
3363,0
3364,4
3365,1
3366,4
3367,0
3368,0
3369,3
3370,1
3371,0
3372,4
3373,2
3374,2
3375,0
3376,4
3377,0
3378,4
3379,1
3380,3
3381,3
3382,0
3383,2
3384,1
3385,4
3386,4
3387,2
3388,1
3389,0
3390,3
3391,2
3392,0
3393,1
3394,1
3395,3
3396,4
3397,4
3398,0
3399,0
3400,1
3401,4
3402,1
3403,2
3404,1
3405,0
3406,4
3407,0
3408,4
3409,2
3410,1
3411,1
3412,1
3413,2
3414,0
3415,1
3416,2
3417,3
3418,4
3419,4
3420,3
3421,3
3422,4
3423,2
3424,1
3425,0
3426,1
3427,4
3428,4
3429,1
3430,0
3431,2
3432,4
3433,1
3434,0
3435,4
3436,1
3437,3
3438,0
3439,1
3440,0
3441,0
3442,0
3443,3
3444,0
3445,3
3446,2
3447,2
3448,4
3449,3
3450,2
3451,0
3452,2
3453,1
3454,0
3455,3
3456,0
3457,3
3458,0
3459,1
3460,3
3461,3
3462,4
3463,3
3464,4
3465,2
3466,2
3467,0
3468,2
3469,0
3470,4
3471,4
3472,3
3473,3
3474,0
3475,1
3476,3
3477,1
3478,1
3479,2
3480,0
3481,0
3482,0
3483,1
3484,4
3485,0
3486,2
3487,1
3488,0
3489,4
3490,2
3491,4
3492,3
3493,0
3494,4
3495,0
3496,4
3497,4
3498,3
3499,3
3500,4
3501,1
3502,4
3503,0
3504,1
3505,3
3506,0
3507,3
3508,0
3509,4
3510,2
3511,0
3512,1
3513,3
3514,3
3515,3
3516,0
3517,3
3518,0
3519,4
3520,0
3521,4
3522,2
3523,2
3524,2
3525,3
3526,2
3527,4
3528,2
3529,2
3530,1
3531,4
3532,1
3533,2
3534,1
3535,0
3536,4
3537,1
3538,4
3539,1
3540,4
3541,0
3542,1
3543,4
3544,0
3545,2
3546,3
3547,3
3548,3
3549,0
3550,2
3551,1
3552,3
3553,4
3554,1
3555,1
3556,2
3557,0
3558,2
3559,0
3560,2
3561,2
3562,0
3563,4
3564,2
3565,1
3566,4
3567,3
3568,1
3569,4
3570,0
3571,0
3572,4
3573,0
3574,3
3575,3
3576,2
3577,1
3578,3
3579,1
3580,0
3581,2
3582,2
3583,4
3584,0
3585,0
3586,4
3587,4
3588,0
3589,4
3590,3
3591,0
3592,2
3593,0
3594,2
3595,2
3596,0
3597,1
3598,4
3599,2
3600,1
3601,0
3602,2
3603,0
3604,2
3605,1
3606,4
3607,1
3608,1
3609,4
3610,4
3611,4
3612,4
3613,0
3614,4
3615,1
3616,3
3617,3
3618,4
3619,3
3620,1
3621,0
3622,1
3623,1
3624,4
3625,2
3626,0
3627,4
3628,1
3629,2
3630,3
3631,1
3632,1
3633,3
3634,2
3635,2
3636,0
3637,0
3638,0
3639,1
3640,0
3641,2
3642,3
3643,2
3644,2
3645,2
3646,4
3647,3
3648,4
3649,0
3650,1
3651,1
3652,0
3653,4
3654,2
3655,1
3656,0
3657,1
3658,1
3659,0
3660,0
3661,2
3662,0
3663,2
3664,4
3665,3
3666,4
3667,0
3668,3
3669,3
3670,1
3671,4
3672,4
3673,0
3674,2
3675,1
3676,3
3677,4
3678,1
3679,2
3680,2
3681,2
3682,0
3683,2
3684,2
3685,4
3686,2
3687,1
3688,3
3689,1
3690,4
3691,1
3692,1
3693,1
3694,0
3695,2
3696,2
3697,0
3698,1
3699,3
3700,3
3701,3
3702,4
3703,4
3704,0
3705,3
3706,2
3707,0
3708,1
3709,0
3710,4
3711,2
3712,1
3713,0
3714,2
3715,0
3716,4
3717,0
3718,2
3719,1
3720,0
3721,2
3722,1
3723,3
3724,2
3725,3
3726,4
3727,3
3728,3
3729,0
3730,2
3731,4
3732,1
3733,4
3734,3
3735,0
3736,0
3737,2
3738,4
3739,0
3740,4
3741,1
3742,2
3743,3
3744,3
3745,0
3746,1
3747,0
3748,4
3749,2
3750,2
3751,3
3752,4
3753,3
3754,1
3755,1
3756,2
3757,3
3758,1
3759,3
3760,2
3761,1
3762,2
3763,4
3764,4
3765,4
3766,4
3767,3
3768,2
3769,1
3770,0
3771,0
3772,1
3773,2
3774,4
3775,2
3776,2
3777,0
3778,2
3779,4
3780,1
3781,2
3782,2
3783,2
3784,1
3785,2
3786,2
3787,0
3788,2
3789,3
3790,2
3791,4
3792,1
3793,4
3794,2
3795,4
3796,3
3797,0
3798,2
3799,3
3800,4
3801,0
3802,0
3803,3
3804,1
3805,1
3806,0
3807,0
3808,2
3809,3
3810,1
3811,3
3812,3
3813,0
3814,3
3815,3
3816,2
3817,0
3818,4
3819,4
3820,2
3821,1
3822,3
3823,0
3824,4
3825,0
3826,0
3827,0
3828,1
3829,3
3830,2
3831,3
3832,4
3833,2
3834,4
3835,2
3836,3
3837,4
3838,4
3839,0
3840,2
3841,2
3842,4
3843,2
3844,1
3845,2
3846,4
3847,0
3848,4
3849,0
3850,1
3851,0
3852,1
3853,2
3854,3
3855,0
3856,1
3857,1
3858,3
3859,2
3860,4
3861,3
3862,2
3863,2
3864,0
3865,4
3866,4
3867,2
3868,0
3869,3
3870,2
3871,4
3872,1
3873,4
3874,2
3875,1
3876,4
3877,3
3878,2
3879,3
3880,0
3881,4
3882,3
3883,2
3884,1
3885,3
3886,1
3887,0
3888,1
3889,0
3890,1
3891,0
3892,3
3893,1
3894,3
3895,2
3896,2
3897,4
3898,4
3899,3
3900,2
3901,2
3902,1
3903,3
3904,0
3905,3
3906,4
3907,2
3908,0
3909,1
3910,4
3911,3
3912,3
3913,4
3914,1
3915,3
3916,4
3917,1
3918,2
3919,2
3920,1
3921,2
3922,3
3923,4
3924,0
3925,3
3926,1
3927,0
3928,1
3929,3
3930,0
3931,1
3932,3
3933,1
3934,3
3935,0
3936,4
3937,0
3938,0
3939,3
3940,1
3941,0
3942,4
3943,4
3944,4
3945,2
3946,0
3947,0
3948,3
3949,0
3950,0
3951,4
3952,1
3953,4
3954,2
3955,0
3956,2
3957,2
3958,1
3959,2
3960,2
3961,4
3962,3
3963,3
3964,0
3965,4
3966,2
3967,3
3968,1
3969,2
3970,0
3971,2
3972,0
3973,2
3974,4
3975,2
3976,4
3977,3
3978,1
3979,3
3980,1
3981,2
3982,2
3983,0
3984,3
3985,3
3986,4
3987,0
3988,4
3989,4
3990,1
3991,3
3992,2
3993,3
3994,2
3995,2
3996,4
3997,1
3998,0
3999,0
4000,0
4001,4
4002,3
4003,4
4004,2
4005,0
4006,4
4007,0
4008,1
4009,1
4010,1
4011,0
4012,3
4013,0
4014,1
4015,3
4016,0
4017,4
4018,4
4019,4
4020,1
4021,4
4022,2
4023,2
4024,0
4025,3
4026,3
4027,4
4028,2
4029,2
4030,2
4031,2
4032,1
4033,2
4034,0
4035,0
4036,2
4037,0
4038,0
4039,4
4040,0
4041,2
4042,3
4043,4
4044,2
4045,1
4046,2
4047,3
4048,4
4049,2
4050,4
4051,2
4052,0
4053,4
4054,2
4055,1
4056,0
4057,0
4058,3
4059,1
4060,1
4061,2
4062,0
4063,0
4064,0
4065,0
4066,3
4067,2
4068,3
4069,2
4070,4
4071,3
4072,3
4073,1
4074,3
4075,1
4076,2
4077,4
4078,2
4079,1
4080,2
4081,3
4082,3
4083,0
4084,3
4085,1
4086,1
4087,0
4088,2
4089,3
4090,0
4091,2
4092,0
4093,3
4094,2
4095,1
4096,4
4097,0
4098,1
4099,1
4100,2
4101,4
4102,1
4103,2
4104,2
4105,1
4106,2
4107,2
4108,1
4109,0
4110,3
4111,2
4112,4
4113,4
4114,4
4115,1
4116,0
4117,4
4118,4
4119,2
4120,4
4121,0
4122,1
4123,1
4124,2
4125,1
4126,3
4127,3
4128,2
4129,3
4130,1
4131,1
4132,1
4133,4
4134,2
4135,2
4136,2
4137,1
4138,0
4139,1
4140,2
4141,2
4142,4
4143,0
4144,1
4145,0
4146,1
4147,4
4148,2
4149,3
4150,1
4151,3
4152,1
4153,2
4154,3
4155,2
4156,4
4157,3
4158,3
4159,4
4160,1
4161,1
4162,4
4163,0
4164,3
4165,0
4166,3
4167,3
4168,3
4169,4
4170,2
4171,3
4172,1
4173,1
4174,1
4175,0
4176,1
4177,1
4178,1
4179,0
4180,2
4181,0
4182,4
4183,1
4184,3
4185,4
4186,1
4187,3
4188,3
4189,4
4190,1
4191,1
4192,3
4193,0
4194,4
4195,3
4196,1
4197,4
4198,2
4199,2
4200,4
4201,0
4202,3
4203,2
4204,3
4205,3
4206,3
4207,0
4208,4
4209,4
4210,4
4211,0
4212,2
4213,4
4214,1
4215,3
4216,0
4217,1
4218,2
4219,0
4220,2
4221,0
4222,1
4223,4
4224,0
4225,1
4226,4
4227,2
4228,1
4229,1
4230,1
4231,2
4232,1
4233,3
4234,3
4235,2
4236,3
4237,0
4238,0
4239,3
4240,4
4241,0
4242,0
4243,1
4244,0
4245,4
4246,1
4247,2
4248,2
4249,3
4250,1
4251,0
4252,3
4253,3
4254,4
4255,2
4256,3
4257,3
4258,3
4259,0
4260,0
4261,1
4262,0
4263,3
4264,0
4265,0
4266,2
4267,0
4268,2
4269,4
4270,1
4271,2
4272,3
4273,1
4274,1
4275,2
4276,3
4277,4
4278,4
4279,3
4280,1
4281,0
4282,1
4283,1
4284,4
4285,0
4286,2
4287,3
4288,1
4289,0
4290,2
4291,2
4292,3
4293,4
4294,1
4295,3
4296,2
4297,2
4298,0
4299,3
4300,0
4301,0
4302,0
4303,0
4304,1
4305,3
4306,2
4307,2
4308,3
4309,3
4310,0
4311,0
4312,1
4313,3
4314,1
4315,3
4316,2
4317,3
4318,0
4319,1
4320,2
4321,4
4322,3
4323,4
4324,1
4325,1
4326,0
4327,2
4328,4
4329,3
4330,0
4331,4
4332,4
4333,1
4334,0
4335,3
4336,0
4337,2
4338,1
4339,2
4340,2
4341,1
4342,1
4343,3
4344,0
4345,0
4346,4
4347,1
4348,4
4349,0
4350,0
4351,4
4352,0
4353,3
4354,2
4355,2
4356,3
4357,1
4358,4
4359,0
4360,2
4361,3
4362,1
4363,0
4364,1
4365,0
4366,2
4367,3
4368,0
4369,4
4370,1
4371,3
4372,2
4373,1
4374,4
4375,1
4376,3
4377,1
4378,1
4379,0
4380,0
4381,1
4382,3
4383,3
4384,1
4385,3
4386,0
4387,0
4388,4
4389,4
4390,2
4391,4
4392,1
4393,1
4394,0
4395,4
4396,1
4397,3
4398,0
4399,1
4400,2
4401,4
4402,4
4403,3
4404,1
4405,2
4406,2
4407,1
4408,0
4409,2
4410,0
4411,1
4412,1
4413,0
4414,3
4415,4
4416,0
4417,3
4418,0
4419,4
4420,0
4421,4
4422,2
4423,2
4424,2
4425,2
4426,2
4427,2
4428,0
4429,0
4430,1
4431,1
4432,0
4433,3
4434,3
4435,1
4436,3
4437,1
4438,2
4439,0
4440,4
4441,3
4442,1
4443,1
4444,0
4445,3
4446,0
4447,1
4448,2
4449,1
4450,2
4451,4
4452,1
4453,3
4454,3
4455,4
4456,1
4457,4
4458,2
4459,3
4460,0
4461,2
4462,2
4463,1
4464,3
4465,0
4466,0
4467,2
4468,4
4469,4
4470,1
4471,3
4472,2
4473,1
4474,4
4475,1
4476,1
4477,2
4478,4
4479,3
4480,1
4481,4
4482,1
4483,2
4484,2
4485,3
4486,0
4487,2
4488,4
4489,2
4490,4
4491,4
4492,3
4493,2
4494,4
4495,2
4496,1
4497,0
4498,1
4499,2
4500,3
4501,2
4502,3
4503,2
4504,0
4505,0
4506,1
4507,1
4508,0
4509,0
4510,4
4511,0
4512,0
4513,0
4514,3
4515,2
4516,0
4517,0
4518,0
4519,1
4520,1
4521,1
4522,0
4523,2
4524,1
4525,0
4526,2
4527,2
4528,4
4529,0
4530,0
4531,4
4532,2
4533,2
4534,1
4535,1
4536,0
4537,3
4538,3
4539,1
4540,2
4541,0
4542,4
4543,2
4544,3
4545,2
4546,1
4547,3
4548,0
4549,3
4550,0
4551,1
4552,1
4553,4
4554,4
4555,3
4556,0
4557,1
4558,1
4559,4
4560,0
4561,0
4562,0
4563,1
4564,2
4565,4
4566,2
4567,2
4568,3
4569,1
4570,1
4571,3
4572,4
4573,4
4574,3
4575,0
4576,1
4577,3
4578,3
4579,1
4580,3
4581,0
4582,4
4583,3
4584,2
4585,2
4586,1
4587,3
4588,0
4589,1
4590,2
4591,3
4592,3
4593,2
4594,4
4595,0
4596,4
4597,0
4598,1
4599,1
4600,2
4601,4
4602,3
4603,0
4604,2
4605,0
4606,1
4607,2
4608,3
4609,2
4610,0
4611,2
4612,3
4613,1
4614,3
4615,0
4616,2
4617,0
4618,2
4619,1
4620,0
4621,3
4622,2
4623,4
4624,0
4625,1
4626,3
4627,1
4628,1
4629,0
4630,0
4631,3
4632,1
4633,4
4634,3
4635,0
4636,1
4637,0
4638,2
4639,3
4640,0
4641,4
4642,1
4643,0
4644,1
4645,2
4646,1
4647,1
4648,3
4649,0
4650,1
4651,4
4652,1
4653,0
4654,1
4655,1
4656,0
4657,4
4658,4
4659,1
4660,4
4661,0
4662,1
4663,2
4664,4
4665,3
4666,4
4667,4
4668,4
4669,2
4670,3
4671,1
4672,4
4673,3
4674,2
4675,1
4676,4
4677,2
4678,3
4679,4
4680,1
4681,3
4682,0
4683,1
4684,0
4685,2
4686,3
4687,4
4688,4
4689,3
4690,3
4691,4
4692,4
4693,2
4694,0
4695,3
4696,3
4697,4
4698,0
4699,1
4700,4
4701,3
4702,0
4703,0
4704,0
4705,2
4706,2
4707,0
4708,4
4709,1
4710,4
4711,1
4712,4
4713,2
4714,1
4715,3
4716,0
4717,0
4718,0
4719,2
4720,3
4721,2
4722,3
4723,2
4724,2
4725,1
4726,0
4727,3
4728,1
4729,3
4730,2
4731,1
4732,4
4733,0
4734,1
4735,3
4736,3
4737,0
4738,2
4739,3
4740,2
4741,0
4742,4
4743,1
4744,3
4745,2
4746,4
4747,1
4748,0
4749,4
4750,4
4751,1
4752,0
4753,4
4754,2
4755,0
4756,1
4757,0
4758,1
4759,4
4760,2
4761,0
4762,0
4763,0
4764,4
4765,1
4766,0
4767,0
4768,2
4769,4
4770,4
4771,0
4772,3
4773,3
4774,4
4775,1
4776,3
4777,4
4778,4
4779,3
4780,4
4781,1
4782,4
4783,3
4784,3
4785,1
4786,4
4787,1
4788,3
4789,1
4790,3
4791,2
4792,0
4793,0
4794,2
4795,4
4796,2
4797,3
4798,1
4799,0
4800,3
4801,3
4802,0
4803,4
4804,4
4805,2
4806,0
4807,0
4808,3
4809,2
4810,4
4811,3
4812,3
4813,3
4814,2
4815,0
4816,4
4817,0
4818,4
4819,3
4820,0
4821,1
4822,3
4823,1
4824,0
4825,3
4826,2
4827,3
4828,1
4829,4
4830,4
4831,0
4832,0
4833,1
4834,3
4835,1
4836,2
4837,0
4838,4
4839,3
4840,3
4841,0
4842,3
4843,3
4844,0
4845,1
4846,3
4847,0
4848,2
4849,3
4850,3
4851,3
4852,4
4853,4
4854,3
4855,1
4856,2
4857,0
4858,4
4859,2
4860,3
4861,1
4862,1
4863,1
4864,2
4865,2
4866,0
4867,4
4868,0
4869,0
4870,2
4871,0
4872,3
4873,4
4874,1
4875,4
4876,2
4877,2
4878,4
4879,3
4880,4
4881,1
4882,4
4883,3
4884,2
4885,1
4886,0
4887,4
4888,4
4889,1
4890,3
4891,0
4892,4
4893,1
4894,2
4895,4
4896,1
4897,2
4898,3
4899,4
4900,3
4901,0
4902,2
4903,4
4904,2
4905,1
4906,4
4907,1
4908,3
4909,0
4910,3
4911,0
4912,4
4913,4
4914,3
4915,4
4916,0
4917,1
4918,0
4919,0
4920,2
4921,0
4922,0
4923,2
4924,3
4925,1
4926,4
4927,1
4928,3
4929,4
4930,0
4931,1
4932,1
4933,2
4934,2
4935,0
4936,3
4937,2
4938,2
4939,3
4940,3
4941,2
4942,0
4943,4
4944,2
4945,1
4946,4
4947,2
4948,1
4949,1
4950,3
4951,4
4952,4
4953,0
4954,3
4955,4
4956,1
4957,0
4958,0
4959,1
4960,1
4961,1
4962,4
4963,1
4964,4
4965,4
4966,1
4967,2
4968,2
4969,2
4970,0
4971,2
4972,4
4973,3
4974,4
4975,2
4976,4
4977,3
4978,0
4979,4
4980,0
4981,0
4982,3
4983,1
4984,4
4985,4
4986,2
4987,1
4988,0
4989,3
4990,1
4991,4
4992,3
4993,0
4994,0
4995,1
4996,3
4997,4
4998,1
4999,2
5000,4
5001,2
5002,4
5003,2
5004,1
5005,1
5006,4
5007,0
5008,4
5009,1
5010,0
5011,3
5012,1
5013,4
5014,2
5015,1
5016,0
5017,2
5018,1
5019,2
5020,1
5021,1
5022,2
5023,4
5024,2
5025,2
5026,4
5027,4
5029,4
5030,2
5031,2
5032,2
5033,3
5034,4
5035,4
5036,2
5037,3
5038,1
5039,2
5040,2
5041,2
5042,3
5043,1
5044,1
5045,4
5046,1
5047,1
5048,4
5049,0
5050,2
5051,2
5052,1
5053,1
5054,4
5055,0
5056,4
5057,0
5058,1
5059,1
5060,4
5061,2
5062,3
5063,2
5064,2
5065,0
5066,4
5067,2
5068,1
5069,3
5070,1
5071,1
5072,1
5073,3
5074,0
5075,1
5076,0
5077,3
5078,1
5079,4
5080,2
5081,3
5082,4
5083,0
5084,2
5085,2
5086,2
5087,0
5088,3
5089,3
5090,0
5091,0
5092,0
5093,0
5094,1
5095,1
5096,1
5097,1
5098,0
5099,4
5100,3
5101,2
5102,4
5103,0
5104,3
5105,2
5106,1
5107,3
5108,1
5109,3
5110,4
5111,2
5112,3
5113,1
5114,4
5115,1
5116,2
5117,4
5118,1
5119,4
5120,0
5121,1
5122,1
5123,1
5124,4
5125,4
5126,1
5127,2
5128,0
5129,1
5130,1
5131,0
5132,0
5133,3
5134,0
5135,3
5136,1
5137,1
5138,1
5139,3
5140,0
5141,3
5142,1
5143,1
5144,1
5145,1
5146,1
5147,1
5148,3
5149,3
5150,2
5151,1
5152,2
5153,1
5154,4
5155,0
5156,0
5157,4
5158,4
5159,4
5160,4
5161,3
5162,2
5163,4
5164,1
5165,4
5166,2
5167,3
5168,2
5169,0
5170,2
5171,2
5172,0
5173,0
5174,1
5175,3
5176,2
5177,1
5178,3
5179,4
5180,0
5181,1
5182,2
5183,3
5184,4
5185,3
5186,4
5187,4
5188,0
5189,0
5190,2
5191,1
5192,0
5193,1
5194,1
5195,0
5196,1
5197,1
5198,3
5199,4
5200,4
5201,4
5202,0
5203,2
5204,0
5205,4
5206,4
5207,4
5208,4
5209,1
5210,1
5211,4
5212,4
5213,2
5214,4
5215,4
5216,3
5217,4
5218,2
5219,3
5220,4
5221,2
5222,3
5223,1
5224,4
5225,2
5226,0
5227,0
5228,4
5229,4
5230,3
5231,1
5232,4
5233,3
5234,0
5235,1
5236,2
5237,0
5238,0
5239,0
5240,3
5241,2
5242,2
5243,1
5244,0
5245,1
5246,2
5247,1
5248,4
5249,2
5250,4
5251,1
5252,4
5253,1
5254,4
5255,1
5256,0
5257,2
5258,3
5259,0
5260,3
5261,4
5262,2
5263,4
5264,2
5265,1
5266,0
5267,3
5268,4
5269,1
5270,3
5271,2
5272,0
5273,2
5274,4
5275,0
5276,1
5277,2
5278,2
5279,3
5280,1
5281,0
5282,0
5283,2
5284,2
5285,2
5286,3
5287,2
5288,4
5289,1
5290,4
5291,2
5292,3
5293,0
5294,0
5295,1
5296,3
5297,3
5298,1
5299,1
5300,2
5301,0
5302,3
5303,0
5304,4
5305,1
5306,2
5307,1
5308,0
5309,0
5310,2
5311,4
5312,1
5313,1
5314,4
5315,3
5316,4
5317,0
5318,3
5319,3
5320,3
5321,3
5322,4
5323,1
5324,4
5325,3
5326,3
5327,1
5328,1
5329,0
5330,0
5331,3
5332,4
5333,3
5334,2
5335,2
5336,4
5337,1
5338,4
5339,0
5340,1
5341,1
5342,2
5343,4
5344,2
5345,1
5346,1
5347,2
5348,1
5349,4
5350,4
5351,1
5352,3
5353,0
5354,0
5355,2
5356,3
5357,0
5358,3
5359,1
5360,1
5361,2
5362,4
5363,0
5364,4
5365,2
5366,0
5367,4
5368,1
5369,4
5370,0
5371,4
5372,2
5373,3
5374,4
5375,3
5376,1
5377,0
5378,3
5379,2
5380,4
5381,3
5382,1
5383,2
5384,0
5385,0
5386,3
5387,3
5388,3
5389,2
5390,0
5391,4
5392,0
5393,3
5394,4
5395,2
5396,4
5397,1
5398,4
5399,2
5400,4
5401,0
5402,2
5403,3
5404,3
5405,3
5406,3
5407,1
5408,4
5409,2
5410,1
5411,3
5412,0
5413,0
5414,2
5415,1
5416,1
5417,3
5418,0
5419,4
5420,3
5421,0
5422,3
5423,3
5424,1
5425,3
5426,1
5427,4
5428,3
5429,2
5430,3
5431,0
5432,4
5433,0
5434,0
5435,2
5436,3
5437,3
5438,4
5439,2
5440,4
5441,3
5442,0
5443,4
5444,0
5445,3
5446,1
5447,2
5448,3
5449,3
5450,1
5451,4
5452,2
5453,1
5454,1
5455,1
5456,0
5457,4
5458,2
5459,2
5460,3
5461,1
5462,2
5463,2
5464,0
5465,4
5466,1
5467,3
5468,2
5469,1
5470,0
5471,1
5472,4
5473,0
5474,2
5475,2
5476,3
5477,1
5478,3
5479,2
5480,4
5481,3
5482,0
5483,4
5484,4
5485,3
5486,1
5487,1
5488,1
5489,1
5490,3
5491,0
5492,3
5493,4
5494,0
5495,0
5496,4
5497,1
5498,4
5499,2
5500,2
5501,4
5502,2
5503,1
5504,2
5505,0
5506,0
5507,2
5508,3
5509,2
5510,2
5511,3
5512,2
5513,1
5514,3
5515,3
5516,0
5517,1
5518,3
5519,3
5520,1
5521,1
5522,3
5523,0
5524,1
5525,4
5526,2
5527,3
5528,0
5529,1
5530,2
5531,0
5532,4
5533,3
5534,2
5535,4
5536,2
5537,4
5538,1
5539,0
5540,2
5541,3
5542,1
5543,2
5544,1
5545,1
5546,0
5547,0
5548,1
5549,1
5550,2
5551,1
5552,1
5553,3
5554,0
5555,1
5556,3
5557,4
5558,0
5559,4
5560,1
5561,2
5562,0
5563,4
5564,3
5565,3
5566,0
5567,4
5568,2
5569,0
5570,1
5571,2
5572,3
5573,1
5574,0
5575,0
5576,1
5577,1
5578,3
5579,2
5580,2
5581,0
5582,2
5583,1
5584,2
5585,1
5586,0
5587,0
5588,0
5589,3
5590,0
5591,0
5592,0
5593,3
5594,0
5595,2
5596,0
5597,3
5598,4
5599,3
5600,0
5601,3
5602,0
5603,3
5604,2
5605,3
5606,3
5607,0
5608,4
5609,1
5610,1
5611,0
5612,4
5613,4
5614,1
5615,1
5616,1
5617,0
5618,0
5619,3
5620,2
5621,2
5622,0
5623,3
5624,0
5625,2
5626,3
5627,3
5628,3
5629,2
5630,1
5631,1
5632,2
5633,4
5634,1
5635,2
5636,1
5637,0
5638,3
5639,1
5640,1
5641,0
5642,4
5643,1
5644,0
5645,0
5646,4
5647,1
5648,3
5649,0
5650,4
5651,3
5652,4
5653,0
5654,1
5655,1
5656,0
5657,1
5658,0
5659,3
5660,2
5661,0
5662,2
5663,0
5664,1
5665,3
5666,0
5667,0
5668,4
5669,1
5670,2
5671,3
5672,2
5673,0
5674,2
5675,2
5676,1
5677,4
5678,3
5679,2
5680,3
5681,4
5682,3
5683,4
5684,1
5685,1
5686,0
5687,1
5688,0
5689,4
5690,1
5691,3
5692,4
5693,1
5694,0
5695,3
5696,4
5697,3
5698,3
5699,4
5700,3
5701,1
5702,3
5703,3
5704,1
5705,4
5706,3
5707,2
5708,3
5709,2
5710,0
5711,1
5712,0
5713,3
5714,0
5715,1
5716,2
5717,0
5718,3
5719,3
5720,1
5721,1
5722,1
5723,1
5724,3
5725,4
5726,4
5727,4
5728,4
5729,4
5730,3
5731,1
5732,2
5733,4
5734,4
5735,4
5736,2
5737,2
5738,4
5739,3
5740,4
5741,2
5742,2
5743,1
5744,2
5745,1
5746,4
5747,1
5748,0
5749,2
5750,0
5751,4
5752,1
5753,1
5754,4
5755,4
5756,0
5757,1
5758,3
5759,1
5760,4
5761,4
5762,3
5763,3
5764,4
5765,4
5766,0
5767,3
5768,2
5769,2
5770,2
5771,2
5772,1
5773,4
5774,2
5775,3
5776,2
5777,4
5778,3
5779,3
5780,4
5781,0
5782,1
5783,1
5784,1
5785,1
5786,1
5787,1
5788,3
5789,2
5790,2
5791,2
5792,3
5793,2
5794,0
5795,1
5796,4
5797,3
5798,3
5799,0
5800,0
5801,1
5802,2
5803,2
5804,4
5805,1
5806,2
5807,2
5808,1
5809,3
5810,1
5811,4
5812,0
5813,0
5814,4
5815,4
5816,4
5817,1
5818,4
5819,3
5820,0
5821,0
5822,0
5823,0
5824,0
5825,0
5826,2
5827,1
5828,4
5829,1
5830,0
5831,2
5832,2
5833,2
5834,4
5835,3
5836,1
5837,0
5838,1
5839,4
5840,4
5841,3
5842,4
5843,0
5844,3
5845,2
5846,1
5847,1
5848,1
5849,3
5850,2
5851,0
5852,3
5853,3
5854,4
5855,2
5856,1
5857,3
5858,4
5859,0
5860,1
5861,2
5862,4
5863,0
5864,4
5865,2
5866,3
5867,0
5868,3
5869,4
5870,4
5871,4
5872,1
5873,3
5874,1
5875,0
5876,4
5877,1
5878,4
5879,4
5880,4
5881,0
5882,0
5883,2
5884,0
5885,0
5886,2
5887,2
5888,2
5889,4
5890,1
5891,3
5892,3
5893,2
5894,0
5895,3
5896,0
5897,4
5898,2
5899,4
5900,3
5901,3
5902,2
5903,4
5904,2
5905,0
5906,4
5907,3
5908,2
5909,3
5910,0
5911,1
5912,2
5913,0
5914,4
5915,1
5916,3
5917,2
5918,2
5919,1
5920,3
5921,3
5922,4
5923,4
5924,1
5925,1
5926,2
5927,3
5928,4
5929,3
5930,4
5931,2
5932,0
5933,1
5934,1
5935,2
5936,4
5937,0
5938,1
5939,1
5940,4
5941,0
5942,0
5943,0
5944,2
5945,2
5946,4
5947,0
5948,2
5949,2
5950,4
5951,0
5952,1
5953,2
5954,2
5955,3
5956,1
5957,3
5958,2
5959,2
5960,4
5961,3
5962,1
5963,2
5964,2
5965,1
5966,2
5967,4
5968,3
5969,2
5970,2
5971,1
5972,3
5973,0
5974,4
5975,3
5976,1
5977,1
5978,3
5979,3
5980,2
5981,4
5982,1
5983,2
5984,2
5985,0
5986,4
5987,1
5988,1
5989,0
5990,2
5991,0
5992,1
5993,3
5994,4
5995,2
5996,3
5997,2
5998,2
5999,3
6000,0
6001,3
6002,0
6003,4
6004,3
6005,4
6006,1
6007,2
6008,0
6009,3
6010,3
6011,0
6012,0
6013,0
6014,1
6015,1
6016,4
6017,0
6018,2
6019,0
6020,2
6021,1
6022,3
6023,3
6024,2
6025,4
6026,0
6027,4
6028,4
6029,3
6030,3
6031,2
6032,4
6033,2
6034,0
6035,2
6036,1
6037,4
6038,4
6039,1
6040,3
6041,2
6042,1
6043,4
6044,2
6045,1
6046,4
6047,2
6048,0
6049,0
6050,4
6051,0
6052,0
6053,2
6054,3
6055,2
6056,1
6057,0
6058,0
6059,1
6060,3
6061,0
6062,2
6063,2
6064,0
6065,4
6066,3
6067,4
6068,1
6069,4
6070,3
6071,3
6072,1
6073,1
6074,4
6075,3
6076,2
6077,1
6078,3
6079,3
6080,4
6081,1
6082,2
6083,0
6084,3
6085,0
6086,4
6087,2
6088,4
6089,2
6090,1
6091,0
6092,0
6093,0
6094,4
6095,1
6096,1
6097,0
6098,4
6099,3
6100,2
6101,4
6102,2
6103,1
6104,3
6105,3
6106,4
6107,1
6108,0
6109,1
6110,1
6111,2
6112,2
6113,1
6114,2
6115,2
6116,1
6117,1
6118,3
6119,1
6120,0
6121,3
6122,1
6123,0
6124,1
6125,2
6126,3
6127,3
6128,0
6129,1
6130,2
6131,4
6132,1
6133,4
6134,0
6135,0
6136,4
6137,0
6138,0
6139,3
6140,2
6141,0
6142,1
6143,3
6144,1
6145,4
6146,3
6147,2
6148,0
6149,0
6150,0
6151,0
6152,2
6153,2
6154,3
6155,0
6156,3
6157,3
6158,3
6159,4
6160,3
6161,1
6162,4
6163,4
6164,2
6165,0
6166,3
6167,2
6168,4
6169,4
6170,2
6171,2
6172,3
6173,1
6174,2
6175,3
6176,3
6177,3
6178,1
6179,4
6180,4
6181,0
6182,2
6183,3
6184,2
6185,3
6186,0
6187,4
6188,2
6189,1
6190,4
6191,1
6192,0
6193,2
6194,4
6195,2
6196,2
6197,0
6198,1
6199,1
6200,3
6201,2
6202,1
6203,2
6204,2
6205,1
6206,4
6207,4
6208,4
6209,0
6210,1
6211,2
6212,4
6213,1
6214,2
6215,4
6216,3
6217,4
6218,0
6219,3
6220,4
6221,4
6222,4
6223,2
6224,2
6225,1
6226,1
6227,3
6228,1
6229,0
6230,3
6231,4
6232,4
6233,2
6234,2
6235,2
6236,2
6237,3
6238,3
6239,0
6240,1
6241,4
6242,4
6243,4
6244,0
6245,0
6246,1
6247,2
6248,4
6249,1
6250,4
6251,3
6252,1
6253,4
6254,1
6255,2
6256,4
6257,1
6258,4
6259,0
6260,3
6261,2
6262,0
6263,0
6264,1
6265,1
6266,0
6267,2
6268,1
6269,1
6270,0
6271,2
6272,1
6273,0
6274,0
6275,0
6276,2
6277,0
6278,3
6279,1
6280,1
6281,0
6282,1
6283,2
6284,2
6285,2
6286,4
6287,4
6288,2
6289,4
6290,1
6291,1
6292,0
6293,1
6294,1
6295,4
6296,1
6297,4
6298,3
6299,0
6300,3
6301,4
6302,3
6303,0
6304,0
6305,3
6306,3
6307,3
6308,2
6309,0
6310,0
6311,1
6312,1
6313,2
6314,2
6315,3
6316,2
6317,0
6318,0
6319,2
6320,1
6321,2
6322,1
6323,3
6324,0
6325,2
6326,0
6327,2
6328,2
6329,1
6330,2
6331,2
6332,1
6333,4
6334,1
6335,4
6336,2
6337,4
6338,1
6339,2
6340,2
6341,1
6342,1
6343,2
6344,1
6345,2
6346,4
6347,3
6348,0
6349,0
6350,4
6351,3
6352,1
6353,0
6354,4
6355,0
6356,1
6357,0
6358,1
6359,2
6360,4
6361,4
6362,0
6363,2
6364,4
6365,4
6366,2
6367,2
6368,4
6369,0
6370,3
6371,1
6372,0
6373,4
6374,1
6375,1
6376,3
6377,4
6378,1
6379,1
6380,2
6381,4
6382,3
6383,2
6384,0
6385,3
6386,0
6387,3
6388,3
6389,4
6390,3
6391,3
6392,0
6393,0
6394,3
6395,1
6396,2
6397,3
6398,0
6399,1
6400,3
6401,4
6402,0
6403,2
6404,4
6405,4
6406,1
6407,2
6408,2
6409,3
6410,1
6411,3
6412,3
6413,2
6414,0
6415,2
6416,4
6417,1
6418,2
6419,1
6420,1
6421,4
6422,3
6423,2
6424,4
6425,3
6426,4
6427,4
6428,1
6429,1
6430,1
6431,2
6432,2
6433,1
6434,0
6435,3
6436,0
6437,3
6438,4
6439,0
6440,2
6441,3
6442,2
6443,1
6444,2
6445,1
6446,2
6447,4
6448,2
6449,0
6450,2
6451,2
6452,3
6453,0
6454,2
6455,3
6456,4
6457,2
6458,2
6459,2
6460,4
6461,3
6462,4
6463,2
6464,4
6465,1
6466,2
6467,0
6468,0
6469,3
6470,4
6471,4
6472,2
6473,3
6474,4
6475,2
6476,4
6477,3
6478,3
6479,0
6480,1
6481,0
6482,4
6483,1
6484,0
6485,4
6486,2
6487,0
6488,3
6489,4
6490,4
6491,3
6492,0
6493,1
6494,0
6495,4
6496,2
6497,2
6498,1
6499,4
6500,3
6501,3
6502,4
6503,0
6504,4
6505,0
6506,0
6507,4
6508,2
6509,2
6510,2
6511,3
6512,1
6513,3
6514,2
6515,2
6516,4
6517,4
6518,1
6519,1
6520,1
6521,4
6522,1
6523,1
6524,3
6525,4
6526,4
6527,0
6528,4
6529,0
6530,0
6531,2
6532,3
6533,4
6534,4
6535,3
6536,0
6537,4
6538,2
6539,1
6540,2
6541,1
6542,4
6543,2
6544,1
6545,0
6546,4
6547,0
6548,0
6549,2
6550,3
6551,1
6552,0
6553,0
6554,1
6555,4
6556,3
6557,2
6558,3
6559,2
6560,1
6561,0
6562,1
6563,3
6564,3
6565,0
6566,1
6567,3
6568,4
6569,4
6570,0
6571,1
6572,0
6573,4
6574,1
6575,1
6576,0
6577,3
6578,1
6579,0
6580,3
6581,4
6582,2
6583,4
6584,0
6585,0
6586,3
6587,0
6588,3
6589,4
6590,0
6591,1
6592,2
6593,3
6594,0
6595,4
6596,4
6597,4
6598,3
6599,1
6600,3
6601,4
6602,3
6603,1
6604,2
6605,0
6606,4
6607,0
6608,2
6609,1
6610,0
6611,4
6612,0
6613,3
6614,0
6615,3
6616,3
6617,4
6618,2
6619,3
6620,4
6621,2
6622,3
6623,2
6624,1
6625,3
6626,2
6627,0
6628,3
6629,3
6630,4
6631,3
6632,0
6633,1
6634,3
6635,3
6636,1
6637,3
6638,1
6639,0
6640,0
6641,2
6642,3
6643,0
6644,0
6645,2
6646,4
6647,0
6648,3
6649,2
6650,0
6651,3
6652,3
6653,3
6654,4
6655,3
6656,3
6657,0
6658,3
6659,2
6660,4
6661,0
6662,2
6663,4
6664,2
6665,0
6666,1
6667,4
6668,3
6669,1
6670,2
6671,3
6672,0
6673,1
6674,1
6675,4
6676,1
6677,1
6678,3
6679,4
6680,3
6681,3
6682,2
6683,2
6684,0
6685,4
6686,0
6687,1
6688,3
6689,4
6690,2
6691,4
6692,3
6693,0
6694,1
6695,4
6696,0
6697,0
6698,0
6699,1
6700,3
6701,0
6702,1
6703,0
6704,3
6705,3
6706,1
6707,3
6708,1
6709,2
6710,1
6711,3
6712,4
6713,2
6714,2
6715,4
6716,2
6717,0
6718,3
6719,4
6720,4
6721,4
6722,3
6723,2
6724,4
6725,1
6726,1
6727,2
6728,1
6729,1
6730,3
6731,0
6732,0
6733,2
6734,2
6735,1
6736,2
6737,3
6738,0
6739,1
6740,2
6741,1
6742,4
6743,2
6744,0
6745,1
6746,0
6747,1
6748,3
6749,2
6750,0
6751,0
6752,2
6753,2
6754,2
6755,2
6756,0
6757,2
6758,1
6759,0
6760,0
6761,4
6762,2
6763,2
6764,2
6765,1
6766,3
6767,4
6768,1
6769,2
6770,1
6771,3
6772,2
6773,3
6774,3
6775,4
6776,3
6777,2
6778,3
6779,0
6780,1
6781,4
6782,1
6783,0
6784,0
6785,1
6786,4
6787,4
6788,3
6789,1
6790,2
6791,4
6792,4
6793,0
6794,3
6795,2
6796,3
6797,2
6798,4
6799,0
6800,2
6801,3
6802,2
6803,4
6804,2
6805,4
6806,4
6807,2
6808,2
6809,1
6810,0
6811,1
6812,0
6813,2
6814,2
6815,1
6816,0
6817,3
6818,2
6819,2
6820,1
6821,1
6822,1
6823,0
6824,3
6825,3
6826,0
6827,0
6828,4
6829,2
6830,1
6831,0
6832,0
6833,0
6834,0
6835,1
6836,2
6837,1
6838,1
6839,0
6840,0
6841,4
6842,3
6843,3
6844,0
6845,0
6846,0
6847,0
6848,4
6849,4
6850,2
6851,4
6852,4
6853,3
6854,3
6855,3
6856,0
6857,3
6858,4
6859,2
6860,2
6861,4
6862,2
6863,3
6864,1
6865,1
6866,0
6867,0
6868,3
6869,1
6870,3
6871,0
6872,2
6873,4
6874,0
6875,3
6876,1
6877,4
6878,4
6879,0
6880,4
6881,1
6882,4
6883,0
6884,0
6885,2
6886,3
6887,3
6888,1
6889,1
6890,4
6891,3
6892,0
6893,3
6894,2
6895,4
6896,4
6897,2
6898,0
6899,1
6900,3
6901,3
6902,4
6903,0
6904,1
6905,0
6906,1
6907,4
6908,2
6909,3
6910,1
6911,3
6912,2
6913,0
6914,1
6915,2
6916,3
6917,1
6918,1
6919,1
6920,3
6921,4
6922,3
6923,2
6924,2
6925,0
6926,3
6927,2
6928,1
6929,2
6930,2
6931,3
6932,4
6933,2
6934,1
6935,0
6936,0
6937,4
6938,2
6939,4
6940,1
6941,1
6942,3
6943,0
6944,3
6945,3
6946,4
6947,2
6948,2
6949,1
6950,0
6951,0
6952,1
6953,2
6954,4
6955,0
6956,3
6957,3
6958,2
6959,0
6960,2
6961,4
6962,0
6963,2
6964,2
6965,4
6966,2
6967,2
6968,3
6969,4
6970,2
6971,3
6972,0
6973,1
6974,1
6975,2
6976,1
6977,4
6978,1
6979,4
6980,0
6981,2
6982,4
6983,2
6984,1
6985,0
6986,4
6987,2
6988,0
6989,1
6990,3
6991,3
6992,4
6993,1
6994,3
6995,2
6996,3
6997,4
6998,2
6999,2
7000,4
7001,2
7002,3
7003,3
7004,2
7005,0
7006,1
7007,3
7008,4
7009,0
7010,3
7011,3
7012,3
7013,0
7014,0
7015,2
7016,4
7017,0
7018,3
7019,0
7020,0
7021,0
7022,0
7023,2
7024,0
7025,4
7026,2
7027,3
7028,1
7029,1
7030,3
7031,3
7032,1
7033,2
7034,0
7035,0
7036,4
7037,1
7038,2
7039,4
7040,4
7041,1
7042,0
7043,2
7044,0
7045,0
7046,2
7047,4
7048,0
7049,2
7050,2
7051,2
7052,4
7053,1
7054,3
7055,2
7056,0
7057,4
7058,2
7059,2
7060,0
7061,3
7062,0
7063,1
7064,0
7065,4
7066,4
7067,3
7068,0
7069,1
7070,4
7071,1
7072,3
7073,0
7074,2
7075,1
7076,4
7077,2
7078,3
7079,1
7080,4
7081,4
7082,2
7083,0
7084,4
7085,3
7086,1
7087,4
7088,3
7089,0
7090,3
7091,1
7092,0
7093,3
7094,0
7095,3
7096,0
7097,1
7098,3
7099,3
7100,1
7101,3
7102,2
7103,1
7104,1
7105,2
7106,1
7107,1
7108,2
7109,3
7110,2
7111,3
7112,0
7113,0
7114,2
7115,0
7116,0
7117,4
7118,0
7119,2
7120,0
7121,1
7122,0
7123,3
7124,1
7125,4
7126,4
7127,0
7128,1
7129,1
7130,1
7131,1
7132,1
7133,2
7134,4
7135,0
7136,2
7137,3
7138,4
7139,2
7140,4
7141,2
7142,2
7143,2
7144,1
7145,3
7146,3
7147,3
7148,3
7149,1
7150,1
7151,4
7152,2
7153,1
7154,0
7155,1
7156,4
7157,3
7158,0
7159,0
7160,0
7161,3
7162,1
7163,3
7164,4
7165,3
7166,2
7167,0
7168,1
7169,3
7170,1
7171,2
7172,0
7173,1
7174,0
7175,3
7176,2
7177,3
7178,3
7179,2
7180,4
7181,1
7182,3
7183,1
7184,3
7185,4
7186,3
7187,2
7188,1
7189,0
7190,1
7191,3
7192,0
7193,1
7194,0
7195,3
7196,3
7197,2
7198,1
7199,3
7200,4
7201,1
7202,0
7203,2
7204,0
7205,2
7206,3
7207,0
7208,4
7209,2
7210,1
7211,4
7212,4
7213,4
7214,4
7215,1
7216,4
7217,0
7218,1
7219,3
7220,1
7221,2
7222,4
7223,3
7224,0
7225,3
7226,0
7227,3
7228,0
7229,0
7230,4
7231,2
7232,0
7233,1
7234,4
7235,4
7236,2
7237,1
7238,3
7239,3
7240,2
7241,3
7242,2
7243,2
7244,4
7245,0
7246,1
7247,2
7248,1
7249,2
7250,3
7251,1
7252,4
7253,1
7254,0
7255,2
7256,3
7257,4
7258,0
7259,4
7260,0
7261,3
7262,3
7263,4
7264,4
7265,4
7266,4
7267,0
7268,3
7269,4
7270,3
7271,3
7272,0
7273,2
7274,2
7275,1
7276,0
7277,4
7278,1
7279,0
7280,1
7281,4
7282,0
7283,0
7284,3
7285,4
7286,0
7287,0
7288,0
7289,1
7290,0
7291,1
7292,0
7293,3
7294,2
7295,2
7296,2
7297,1
7298,0
7299,3
7300,1
7301,4
7302,1
7303,1
7304,2
7305,2
7306,4
7307,0
7308,3
7309,1
7310,0
7311,2
7312,4
7313,2
7314,3
7315,4
7316,0
7317,1
7318,3
7319,0
7320,2
7321,2
7322,3
7323,2
7324,0
7325,4
7326,1
7327,3
7328,1
7329,0
7330,1
7331,2
7332,0
7333,2
7334,1
7335,4
7336,0
7337,0
7338,0
7339,1
7340,3
7341,2
7342,3
7343,3
7344,1
7345,1
7346,3
7347,4
7348,1
7349,3
7350,0
7351,2
7352,0
7353,4
7354,3
7355,4
7356,0
7357,1
7358,4
7359,4
7360,0
7361,0
7362,3
7363,3
7364,3
7365,1
7366,4
7367,2
7368,3
7369,4
7370,4
7371,2
7372,4
7373,1
7374,3
7375,1
7376,3
7377,1
7378,4
7379,2
7380,4
7381,4
7382,4
7383,4
7384,0
7385,1
7386,4
7387,0
7388,2
7389,3
7390,3
7391,3
7392,3
7393,0
7394,4
7395,1
7396,3
7397,4
7398,3
7399,3
7400,1
7401,1
7402,1
7403,3
7404,1
7405,1
7406,3
7407,2
7408,0
7409,3
7410,1
7411,3
7412,4
7413,2
7414,2
7415,0
7416,3
7417,1
7418,4
7419,3
7420,1
7421,1
7422,4
7423,4
7424,2
7425,0
7426,1
7427,3
7428,1
7429,1
7430,0
7431,1
7432,2
7433,0
7434,2
7435,3
7436,2
7437,2
7438,4
7439,3
7440,0
7441,3
7442,2
7443,0
7444,1
7445,4
7446,2
7447,3
7448,4
7449,3
7450,0
7451,3
7452,1
7453,1
7454,2
7455,3
7456,1
7457,2
7458,1
7459,0
7460,2
7461,0
7462,1
7463,0
7464,1
7465,2
7466,0
7467,1
7468,0
7469,1
7470,0
7471,2
7472,4
7473,2
7474,0
7475,1
7476,3
7477,4
7478,3
7479,3
7480,0
7481,1
7482,1
7483,1
7484,3
7485,1
7486,0
7487,4
7488,2
7489,3
7490,0
7491,2
7492,0
7493,3
7494,0
7495,1
7496,2
7497,4
7498,2
7499,4
7500,1
7501,3
7502,0
7503,3
7504,0
7505,3
7506,2
7507,4
7508,2
7509,2
7510,2
7511,1
7512,0
7513,0
7514,2
7515,1
7516,1
7517,0
7518,4
7519,1
7520,1
7521,4
7522,1
7523,2
7524,3
7525,1
7526,4
7527,2
7528,1
7529,2
7530,0
7531,2
7532,1
7533,0
7534,1
7535,1
7536,1
7537,4
7538,2
7539,1
7540,3
7541,3
7542,2
7543,0
7544,3
7545,1
7546,3
7547,2
7548,4
7549,3
7550,1
7551,2
7552,1
7553,2
7554,2
7555,2
7556,2
7557,3
7558,1
7559,2
7560,1
7561,4
7562,2
7563,4
7564,4
7565,2
7566,2
7567,4
7568,3
7569,3
7570,2
7571,2
7572,2
7573,2
7574,2
7575,4
7576,0
7577,1
7578,2
7579,1
7580,4
7581,1
7582,2
7583,0
7584,0
7585,3
7586,1
7587,1
7588,0
7589,3
7590,2
7591,0
7592,2
7593,4
7594,1
7595,4
7596,2
7597,1
7598,4
7599,0
7600,4
7601,1
7602,3
7603,3
7604,4
7605,4
7606,4
7607,0
7608,4
7609,3
7610,0
7611,3
7612,3
7613,2
7614,1
7615,3
7616,0
7617,2
7618,1
7619,3
7620,4
7621,4
7622,0
7623,0
7624,2
7625,0
7626,2
7627,4
7628,0
7629,3
7630,0
7631,0
7632,1
7633,0
7634,4
7635,4
7636,3
7637,4
7638,3
7639,2
7640,1
7641,2
7642,1
7643,3
7644,3
7645,0
7646,3
7647,0
7648,1
7649,4
7650,2
7651,1
7652,1
7653,2
7654,0
7655,4
7656,4
7657,0
7658,1
7659,0
7660,4
7661,1
7662,2
7663,2
7664,0
7665,4
7666,1
7667,2
7668,1
7669,0
7670,2
7671,3
7672,1
7673,0
7674,0
7675,2
7676,0
7677,2
7678,3
7679,2
7680,1
7681,1
7682,2
7683,1
7684,2
7685,0
7686,3
7687,3
7688,0
7689,2
7690,1
7691,3
7692,1
7693,1
7694,1
7695,0
7696,0
7697,3
7698,1
7699,3
7700,3
7701,4
7702,2
7703,1
7704,3
7705,1
7706,2
7707,1
7708,4
7709,0
7710,3
7711,0
7712,0
7713,3
7714,3
7715,2
7716,3
7717,4
7718,1
7719,2
7720,3
7721,3
7722,0
7723,1
7724,4
7725,4
7726,2
7727,0
7728,1
7729,1
7730,3
7731,1
7732,0
7733,0
7734,4
7735,0
7736,2
7737,3
7738,4
7739,4
7740,3
7741,2
7742,0
7743,3
7744,3
7745,3
7746,4
7747,1
7748,1
7749,4
7750,0
7751,2
7752,4
7753,1
7754,3
7755,3
7756,4
7757,1
7758,3
7759,0
7760,0
7761,0
7762,0
7763,2
7764,4
7765,1
7766,0
7767,1
7768,2
7769,4
7770,3
7771,4
7772,4
7773,0
7774,0
7775,4
7776,4
7777,3
7778,0
7779,2
7780,4
7781,1
7782,4
7783,2
7784,0
7785,3
7786,3
7787,2
7788,4
7789,3
7790,3
7791,2
7792,4
7793,3
7794,3
7795,0
7796,0
7797,0
7798,2
7799,0
7800,2
7801,3
7802,0
7803,0
7804,0
7805,0
7806,3
7807,0
7808,0
7809,3
7810,2
7811,0
7812,0
7813,4
7814,2
7815,2
7816,3
7817,4
7818,2
7819,4
7820,0
7821,0
7822,3
7823,0
7824,0
7825,3
7826,2
7827,3
7828,2
7829,0
7830,1
7831,1
7832,0
7833,0
7834,3
7835,0
7836,1
7837,3
7838,1
7839,4
7840,3
7841,3
7842,2
7843,4
7844,0
7845,3
7846,2
7847,2
7848,3
7849,2
7850,0
7851,4
7852,0
7853,2
7854,0
7855,2
7856,1
7857,0
7858,0
7859,0
7860,4
7861,3
7862,2
7863,3
7864,1
7865,4
7866,1
7867,4
7868,4
7869,0
7870,3
7871,3
7872,4
7873,2
7874,2
7875,1
7876,1
7877,0
7878,2
7879,3
7880,1
7881,2
7882,0
7883,0
7884,4
7885,2
7886,0
7887,3
7888,3
7889,4
7890,0
7891,4
7892,3
7893,3
7894,3
7895,2
7896,4
7897,0
7898,2
7899,0
7900,0
7901,0
7902,1
7903,1
7904,3
7905,2
7906,1
7907,0
7908,3
7909,2
7910,4
7911,4
7912,3
7913,2
7914,4
7915,4
7916,3
7917,3
7918,1
7919,4
7920,3
7921,2
7922,2
7923,2
7924,0
7925,3
7926,2
7927,3
7928,2
7929,1
7930,2
7931,4
7932,1
7933,0
7934,1
7935,4
7936,0
7937,4
7938,2
7939,1
7940,0
7941,2
7942,1
7943,3
7944,0
7945,0
7946,3
7947,0
7948,1
7949,1
7950,2
7951,3
7952,4
7953,1
7954,0
7955,2
7956,2
7957,2
7958,3
7959,3
7960,1
7961,3
7962,4
7963,0
7964,4
7965,0
7966,1
7967,0
7968,1
7969,0
7970,2
7971,3
7972,1
7973,4
7974,2
7975,1
7976,4
7977,0
7978,2
7979,0
7980,2
7981,4
7982,0
7983,1
7984,3
7985,4
7986,2
7987,4
7988,2
7989,3
7990,2
7991,2
7992,3
7993,0
7994,3
7995,4
7996,2
7997,4
7998,4
7999,0
8000,3
8001,4
8002,4
8003,3
8004,4
8005,3
8006,3
8007,2
8008,1
8009,1
8010,0
8011,3
8012,1
8013,0
8014,0
8015,2
8016,1
8017,2
8018,1
8019,0
8020,2
8021,2
8022,4
8023,2
8024,1
8025,0
8026,0
8027,2
8028,3
8029,2
8030,2
8031,4
8032,2
8033,2
8034,0
8035,1
8036,4
8037,1
8038,0
8039,0
8040,0
8041,2
8042,2
8043,0
8044,4
8045,2
8046,2
8047,2
8048,1
8049,3
8050,4
8051,0
8052,0
8053,0
8054,1
8055,2
8056,3
8057,4
8058,2
8059,3
8060,1
8061,1
8062,0
8063,3
8064,3
8065,1
8066,2
8067,4
8068,1
8069,3
8070,3
8071,3
8072,3
8073,1
8074,2
8075,2
8076,3
8077,3
8078,0
8079,0
8080,3
8081,0
8082,1
8083,3
8084,1
8085,2
8086,0
8087,2
8088,1
8089,4
8090,3
8091,4
8092,0
8093,0
8094,0
8095,1
8096,1
8097,3
8098,2
8099,0
8100,4
8101,3
8102,1
8103,3
8104,1
8105,3
8106,1
8107,4
8108,0
8109,1
8110,3
8111,4
8112,2
8113,2
8114,4
8115,1
8116,2
8117,4
8118,2
8119,4
8120,1
8121,4
8122,0
8123,4
8124,2
8125,2
8126,1
8127,2
8128,3
8129,4
8130,2
8131,3
8132,1
8133,2
8134,4
8135,0
8136,3
8137,1
8138,3
8139,0
8140,0
8141,2
8142,3
8143,4
8144,4
8145,1
8146,2
8147,3
8148,4
8149,0
8150,2
8151,4
8152,3
8153,2
8154,2
8155,0
8156,0
8157,2
8158,2
8159,2
8160,0
8161,2
8162,4
8163,3
8164,0
8165,3
8166,0
8167,1
8168,1
8169,3
8170,0
8171,4
8172,2
8173,0
8174,2
8175,3
8176,3
8177,0
8178,3
8179,4
8180,4
8181,4
8182,2
8183,3
8184,4
8185,4
8186,4
8187,2
8188,3
8189,4
8190,4
8191,4
8192,4
8193,0
8194,3
8195,0
8196,1
8197,3
8198,4
8199,4
8200,1
8201,1
8202,0
8203,3
8204,4
8205,1
8206,1
8207,2
8208,0
8209,2
8210,0
8211,0
8212,4
8213,1
8214,2
8215,1
8216,1
8217,2
8218,3
8219,2
8220,3
8221,0
8222,4
8223,3
8224,1
8225,1
8226,3
8227,2
8228,3
8229,2
8230,2
8231,3
8232,4
8233,4
8234,0
8235,0
8236,4
8237,2
8238,1
8239,0
8240,0
8241,2
8242,0
8243,3
8244,3
8245,2
8246,2
8247,0
8248,2
8249,3
8250,1
8251,4
8252,2
8253,2
8254,3
8255,3
8256,3
8257,1
8258,4
8259,2
8260,2
8261,1
8262,1
8263,1
8264,3
8265,2
8266,4
8267,0
8268,0
8269,4
8270,4
8271,2
8272,4
8273,4
8274,3
8275,4
8276,2
8277,2
8278,4
8279,4
8280,1
8281,2
8282,2
8283,3
8284,4
8285,3
8286,3
8287,4
8288,3
8289,0
8290,3
8291,2
8292,2
8293,2
8294,3
8295,4
8296,3
8297,2
8298,4
8299,4
8300,4
8301,1
8302,2
8303,1
8304,3
8305,1
8306,1
8307,4
8308,2
8309,2
8310,0
8311,1
8312,2
8313,4
8314,4
8315,1
8316,4
8317,0
8318,1
8319,0
8320,0
8321,0
8322,3
8323,2
8324,2
8325,0
8326,0
8327,0
8328,4
8329,0
8330,1
8331,2
8332,3
8333,0
8334,3
8335,2
8336,1
8337,0
8338,1
8339,4
8340,0
8341,3
8342,1
8343,3
8344,3
8345,1
8346,3
8347,3
8348,1
8349,0
8350,3
8351,0
8352,2
8353,0
8354,2
8355,1
8356,1
8357,3
8358,3
8359,0
8360,3
8361,3
8362,4
8363,2
8364,1
8365,4
8366,1
8367,2
8368,4
8369,3
8370,1
8371,1
8372,4
8373,0
8374,0
8375,2
8376,4
8377,0
8378,3
8379,3
8380,1
8381,1
8382,2
8383,1
8384,2
8385,3
8386,0
8387,2
8388,0
8389,0
8390,2
8391,0
8392,0
8393,0
8394,4
8395,3
8396,4
8397,1
8398,1
8399,0
8400,4
8401,1
8402,1
8403,3
8404,1
8405,1
8406,2
8407,2
8408,3
8409,1
8410,1
8411,1
8412,3
8413,4
8414,0
8415,0
8416,0
8417,3
8418,2
8419,0
8420,2
8421,2
8422,2
8423,4
8424,0
8425,2
8426,4
8427,2
8428,3
8429,4
8430,2
8431,1
8432,3
8433,2
8434,0
8435,4
8436,1
8437,0
8438,3
8439,3
8440,4
8441,1
8442,2
8443,1
8444,2
8445,2
8446,1
8447,0
8448,1
8449,3
8450,1
8451,1
8452,2
8453,0
8454,1
8455,4
8456,1
8457,0
8458,3
8459,3
8460,3
8461,3
8462,4
8463,0
8464,4
8465,1
8466,1
8467,1
8468,1
8469,0
8470,0
8471,3
8472,3
8473,4
8474,3
8475,0
8476,3
8477,2
8478,2
8479,2
8480,0
8481,1
8482,0
8483,2
8484,3
8485,2
8486,1
8487,2
8488,1
8489,3
8490,4
8491,3
8492,0
8493,0
8494,2
8495,4
8496,1
8497,1
8498,1
8499,0
8500,4
8501,1
8502,0
8503,0
8504,4
8505,0
8506,4
8507,4
8508,4
8509,1
8510,1
8511,0
8512,4
8513,0
8514,0
8515,3
8516,3
8517,1
8518,3
8519,3
8520,3
8521,2
8522,1
8523,4
8524,1
8525,0
8526,2
8527,3
8528,3
8529,4
8530,1
8531,3
8532,0
8533,4
8534,1
8535,2
8536,0
8537,4
8538,1
8539,3
8540,2
8541,4
8542,2
8543,4
8544,2
8545,2
8546,4
8547,0
8548,1
8549,3
8550,4
8551,0
8552,1
8553,2
8554,4
8555,1
8556,3
8557,1
8558,4
8559,0
8560,1
8561,1
8562,0
8563,4
8564,2
8565,3
8566,3
8567,2
8568,0
8569,2
8570,1
8571,2
8572,3
8573,3
8574,4
8575,2
8576,2
8577,0
8578,4
8579,4
8580,0
8581,3
8582,1
8583,1
8584,1
8585,1
8586,3
8587,2
8588,4
8589,4
8590,0
8591,4
8592,3
8593,3
8594,3
8595,4
8596,4
8597,3
8598,3
8599,3
8600,3
8601,0
8602,2
8603,3
8604,2
8605,0
8606,2
8607,1
8608,0
8609,3
8610,0
8611,4
8612,0
8613,3
8614,1
8615,4
8616,1
8617,0
8618,3
8619,2
8620,3
8621,2
8622,4
8623,2
8624,3
8625,4
8626,4
8627,2
8628,4
8629,2
8630,1
8631,0
8632,3
8633,2
8634,4
8635,0
8636,4
8637,0
8638,2
8639,1
8640,0
8641,4
8642,1
8643,1
8644,4
8645,2
8646,4
8647,1
8648,1
8649,2
8650,4
8651,3
8652,3
8653,3
8654,3
8655,2
8656,2
8657,0
8658,2
8659,2
8660,2
8661,1
8662,3
8663,2
8664,3
8665,1
8666,4
8667,1
8668,1
8669,2
8670,3
8671,2
8672,1
8673,4
8674,0
8675,3
8676,1
8677,3
8678,1
8679,2
8680,3
8681,3
8682,2
8683,1
8684,2
8685,2
8686,4
8687,3
8688,1
8689,3
8690,1
8691,2
8692,3
8693,0
8694,0
8695,0
8696,2
8697,4
8698,2
8699,0
8700,2
8701,4
8702,4
8703,2
8704,2
8705,3
8706,0
8707,0
8708,3
8709,4
8710,1
8711,3
8712,1
8713,1
8714,0
8715,3
8716,1
8717,0
8718,4
8719,1
8720,2
8721,0
8722,1
8723,0
8724,3
8725,2
8726,2
8727,2
8728,2
8729,2
8730,4
8731,3
8732,1
8733,4
8734,4
8735,1
8736,4
8737,4
8738,3
8739,1
8740,2
8741,2
8742,4
8743,3
8744,0
8745,3
8746,3
8747,0
8748,4
8749,4
8750,0
8751,2
8752,2
8753,3
8754,1
8755,3
8756,4
8757,2
8758,4
8759,0
8760,1
8761,3
8762,3
8763,0
8764,0
8765,4
8766,1
8767,0
8768,3
8769,0
8770,1
8771,1
8772,1
8773,2
8774,2
8775,3
8776,0
8777,3
8778,2
8779,1
8780,3
8781,4
8782,4
8783,1
8784,4
8785,4
8786,1
8787,2
8788,1
8789,0
8790,3
8791,0
8792,4
8793,2
8794,4
8795,3
8796,0
8797,1
8798,2
8799,4
8800,2
8801,1
8802,0
8803,1
8804,3
8805,3
8806,2
8807,1
8808,2
8809,0
8810,0
8811,2
8812,2
8813,2
8814,0
8815,1
8816,3
8817,4
8818,1
8819,4
8820,3
8821,2
8822,3
8823,3
8824,1
8825,2
8826,2
8827,1
8828,1
8829,2
8830,4
8831,4
8832,1
8833,0
8834,4
8835,0
8836,2
8837,1
8838,1
8839,4
8840,1
8841,3
8842,2
8843,4
8844,0
8845,1
8846,4
8847,2
8848,0
8849,3
8850,4
8851,4
8852,3
8853,0
8854,4
8855,2
8856,3
8857,0
8858,4
8859,3
8860,0
8861,2
8862,2
8863,2
8864,3
8865,4
8866,1
8867,2
8868,2
8869,0
8870,2
8871,1
8872,2
8873,1
8874,2
8875,2
8876,2
8877,3
8878,3
8879,1
8880,4
8881,0
8882,2
8883,2
8884,4
8885,1
8886,1
8887,2
8888,4
8889,3
8890,4
8891,1
8892,4
8893,1
8894,1
8895,4
8896,2
8897,2
8898,4
8899,0
8900,4
8901,3
8902,4
8903,0
8904,2
8905,2
8906,4
8907,2
8908,3
8909,2
8910,3
8911,1
8912,1
8913,0
8914,1
8915,3
8916,0
8917,0
8918,4
8919,2
8920,0
8921,3
8922,1
8923,4
8924,1
8925,2
8926,2
8927,2
8928,4
8929,1
8930,2
8931,0
8932,2
8933,0
8934,2
8935,1
8936,0
8937,1
8938,4
8939,4
8940,2
8941,3
8942,2
8943,4
8944,2
8945,3
8946,2
8947,4
8948,1
8949,0
8950,2
8951,1
8952,0
8953,1
8954,4
8955,3
8956,1
8957,1
8958,2
8959,4
8960,1
8961,1
8962,0
8963,2
8964,4
8965,3
8966,0
8967,3
8968,3
8969,3
8970,4
8971,3
8972,1
8973,4
8974,2
8975,1
8976,1
8977,3
8978,4
8979,3
8980,3
8981,0
8982,2
8983,2
8984,1
8985,2
8986,2
8987,1
8988,3
8989,1
8990,3
8991,3
8992,4
8993,1
8994,1
8995,1
8996,2
8997,4
8998,2
8999,3
9000,0
9001,1
9002,1
9003,2
9004,0
9005,4
9006,4
9007,4
9008,2
9009,2
9010,2
9011,1
9012,1
9013,2
9014,2
9015,1
9016,4
9017,2
9018,0
9019,3
9020,4
9021,2
9022,0
9023,2
9024,2
9025,1
9026,4
9027,2
9028,3
9029,2
9030,4
9031,0
9032,3
9033,0
9034,3
9035,2
9036,0
9037,3
9038,4
9039,4
9040,3
9041,2
9042,1
9043,3
9044,2
9045,2
9046,2
9047,1
9048,1
9049,3
9050,4
9051,0
9052,3
9053,4
9054,2
9055,4
9056,2
9057,0
9058,1
9059,3
9060,3
9061,1
9062,4
9063,2
9064,0
9065,4
9066,3
9067,1
9068,3
9069,4
9070,0
9071,0
9072,4
9073,1
9074,1
9075,0
9076,0
9077,0
9078,3
9079,3
9080,4
9081,4
9082,0
9083,4
9084,4
9085,1
9086,2
9087,4
9088,4
9089,4
9090,1
9091,0
9092,0
9093,2
9094,3
9095,4
9096,1
9097,4
9098,4
9099,4
9100,4
9101,1
9102,1
9103,4
9104,4
9105,2
9106,0
9107,0
9108,3
9109,0
9110,3
9111,3
9112,3
9113,1
9114,1
9115,1
9116,2
9117,2
9118,4
9119,3
9120,0
9121,2
9122,4
9123,3
9124,4
9125,1
9126,3
9127,3
9128,2
9129,0
9130,4
9131,2
9132,4
9133,2
9134,2
9135,3
9136,4
9137,2
9138,0
9139,0
9140,1
9141,0
9142,0
9143,4
9144,0
9145,4
9146,2
9147,3
9148,3
9149,0
9150,2
9151,3
9152,3
9153,0
9154,0
9155,2
9156,3
9157,0
9158,4
9159,0
9160,2
9161,1
9162,3
9163,1
9164,1
9165,2
9166,0
9167,0
9168,0
9169,1
9170,4
9171,4
9172,2
9173,2
9174,0
9175,1
9176,2
9177,2
9178,2
9179,0
9180,2
9181,4
9182,4
9183,0
9184,4
9185,0
9186,1
9187,3
9188,2
9189,2
9190,1
9191,4
9192,4
9193,0
9194,4
9195,0
9196,3
9197,3
9198,2
9199,4
9200,3
9201,4
9202,0
9203,3
9204,1
9205,0
9206,2
9207,4
9208,3
9209,3
9210,2
9211,1
9212,2
9213,2
9214,0
9215,4
9216,2
9217,1
9218,1
9219,0
9220,2
9221,1
9222,1
9223,3
9224,3
9225,1
9226,4
9227,2
9228,0
9229,2
9230,4
9231,4
9232,2
9233,0
9234,2
9235,0
9236,0
9237,4
9238,1
9239,1
9240,0
9241,4
9242,0
9243,4
9244,3
9245,0
9246,0
9247,2
9248,0
9249,4
9250,0
9251,0
9252,4
9253,0
9254,0
9255,4
9256,3
9257,4
9258,2
9259,2
9260,1
9261,2
9262,3
9263,4
9264,0
9265,4
9266,2
9267,4
9268,3
9269,4
9270,3
9271,0
9272,0
9273,1
9274,0
9275,0
9276,3
9277,4
9278,1
9279,4
9280,3
9281,3
9282,3
9283,2
9284,4
9285,3
9286,4
9287,4
9288,2
9289,2
9290,4
9291,2
9292,1
9293,4
9294,0
9295,3
9296,0
9297,0
9298,1
9299,2
9300,1
9301,3
9302,1
9303,4
9304,3
9305,1
9306,3
9307,0
9308,2
9309,3
9310,2
9311,0
9312,0
9313,4
9314,2
9315,1
9316,2
9317,0
9318,1
9319,2
9320,0
9321,3
9322,2
9323,3
9324,1
9325,0
9326,3
9327,1
9328,2
9329,4
9330,0
9331,0
9332,4
9333,0
9334,3
9335,4
9336,2
9337,4
9338,0
9339,0
9340,0
9341,2
9342,0
9343,1
9344,4
9345,4
9346,4
9347,1
9348,2
9349,2
9350,4
9351,0
9352,3
9353,4
9354,3
9355,2
9356,2
9357,3
9358,1
9359,3
9360,3
9361,4
9362,2
9363,0
9364,4
9365,3
9366,0
9367,3
9368,3
9369,1
9370,2
9371,0
9372,4
9373,4
9374,1
9375,3
9376,4
9377,3
9378,3
9379,3
9380,0
9381,1
9382,2
9383,2
9384,3
9385,4
9386,0
9387,3
9388,1
9389,0
9390,3
9391,2
9392,3
9393,2
9394,2
9395,4
9396,2
9397,0
9398,3
9399,4
9400,1
9401,0
9402,0
9403,0
9404,2
9405,1
9406,0
9407,3
9408,2
9409,4
9410,1
9411,2
9412,3
9413,3
9414,4
9415,1
9416,1
9417,1
9418,2
9419,4
9420,3
9421,0
9422,2
9423,0
9424,3
9425,1
9426,1
9427,4
9428,1
9429,3
9430,2
9431,1
9432,1
9433,0
9434,1
9435,0
9436,1
9437,2
9438,3
9439,4
9440,4
9441,3
9442,4
9443,3
9444,3
9445,3
9446,3
9447,2
9448,1
9449,1
9450,2
9451,2
9452,4
9453,0
9454,2
9455,3
9456,1
9457,0
9458,0
9459,2
9460,3
9461,0
9462,3
9463,1
9464,3
9465,0
9466,4
9467,4
9468,2
9469,3
9470,3
9471,4
9472,1
9473,0
9474,0
9475,1
9476,0
9477,4
9478,4
9479,1
9480,1
9481,0
9482,2
9483,0
9484,3
9485,1
9486,3
9487,3
9488,2
9489,2
9490,0
9491,2
9492,4
9493,2
9494,4
9495,2
9496,4
9497,1
9498,0
9499,2
9500,1
9501,1
9502,0
9503,0
9504,4
9505,0
9506,3
9507,0
9508,4
9509,2
9510,0
9511,1
9512,0
9513,4
9514,1
9515,3
9516,1
9517,0
9518,3
9519,1
9520,3
9521,0
9522,4
9523,4
9524,1
9525,3
9526,3
9527,3
9528,3
9529,0
9530,3
9531,4
9532,2
9533,1
9534,0
9535,0
9536,1
9537,1
9538,1
9539,4
9540,3
9541,0
9542,0
9543,1
9544,2
9545,4
9546,2
9547,4
9548,4
9549,1
9550,1
9551,0
9552,0
9553,4
9554,4
9555,4
9556,2
9557,0
9558,4
9559,4
9560,2
9561,0
9562,2
9563,1
9564,3
9565,3
9566,4
9567,0
9568,2
9569,3
9570,2
9571,4
9572,4
9573,1
9574,1
9575,4
9576,4
9577,2
9578,0
9579,1
9580,4
9581,0
9582,2
9583,1
9584,4
9585,0
9586,4
9587,4
9588,0
9589,3
9590,3
9591,4
9592,0
9593,4
9594,3
9595,4
9596,3
9597,3
9598,3
9599,1
9600,3
9601,4
9602,1
9603,0
9604,1
9605,3
9606,4
9607,2
9608,4
9609,1
9610,2
9611,4
9612,2
9613,2
9614,0
9615,4
9616,1
9617,0
9618,3
9619,4
9620,4
9621,2
9622,2
9623,0
9624,4
9625,4
9626,1
9627,2
9628,0
9629,3
9630,3
9631,0
9632,3
9633,1
9634,0
9635,4
9636,3
9637,2
9638,0
9639,2
9640,1
9641,3
9642,3
9643,1
9644,4
9645,2
9646,1
9647,4
9648,1
9649,0
9650,0
9651,2
9652,0
9653,1
9654,1
9655,4
9656,0
9657,3
9658,4
9659,3
9660,4
9661,3
9662,4
9663,3
9664,3
9665,4
9666,1
9667,4
9668,0
9669,1
9670,3
9671,3
9672,4
9673,2
9674,2
9675,4
9676,2
9677,2
9678,3
9679,3
9680,2
9681,4
9682,1
9683,3
9684,0
9685,3
9686,3
9687,2
9688,1
9689,4
9690,4
9691,3
9692,2
9693,0
9694,0
9695,1
9696,1
9697,0
9698,4
9699,0
9700,0
9701,1
9702,0
9703,3
9704,0
9705,0
9706,3
9707,3
9708,3
9709,3
9710,3
9711,4
9712,0
9713,4
9714,2
9715,4
9716,2
9717,1
9718,0
9719,0
9720,2
9721,0
9722,0
9723,1
9724,3
9725,3
9726,0
9727,2
9728,0
9729,0
9730,4
9731,1
9732,2
9733,0
9734,3
9735,3
9736,1
9737,4
9738,1
9739,1
9740,2
9741,1
9742,3
9743,3
9744,1
9745,2
9746,2
9747,3
9748,1
9749,4
9750,0
9751,2
9752,4
9753,2
9754,3
9755,1
9756,0
9757,1
9758,4
9759,0
9760,4
9761,3
9762,0
9763,1
9764,1
9765,4
9766,0
9767,3
9768,1
9769,0
9770,4
9771,4
9772,3
9773,0
9774,4
9775,2
9776,4
9777,2
9778,3
9779,0
9780,1
9781,2
9782,3
9783,3
9784,0
9785,4
9786,2
9787,2
9788,0
9789,1
9790,2
9791,3
9792,3
9793,2
9794,1
9795,3
9796,0
9797,0
9798,2
9799,0
9800,4
9801,4
9802,4
9803,2
9804,1
9805,2
9806,0
9807,1
9808,1
9809,3
9810,0
9811,0
9812,0
9813,4
9814,2
9815,2
9816,2
9817,1
9818,2
9819,0
9820,2
9821,1
9822,0
9823,3
9824,1
9825,0
9826,1
9827,1
9828,3
9829,4
9830,3
9831,0
9832,0
9833,3
9834,3
9835,0
9836,1
9837,1
9838,3
9839,1
9840,1
9841,0
9842,2
9843,0
9844,4
9845,3
9846,4
9847,4
9848,3
9849,3
9850,4
9851,4
9852,1
9853,2
9854,4
9855,3
9856,3
9857,2
9858,0
9859,0
9860,2
9861,1
9862,2
9863,1
9864,0
9865,1
9866,2
9867,1
9868,0
9869,0
9870,4
9871,2
9872,2
9873,2
9874,1
9875,2
9876,4
9877,2
9878,0
9879,3
9880,3
9881,0
9882,0
9883,2
9884,1
9885,3
9886,4
9887,3
9888,0
9889,4
9890,2
9891,2
9892,3
9893,2
9894,4
9895,3
9896,3
9897,1
9898,1
9899,1
9900,4
9901,3
9902,2
9903,0
9904,2
9905,2
9906,0
9907,0
9908,2
9909,0
9910,4
9911,4
9912,2
9913,3
9914,0
9915,2
9916,1
9917,0
9918,0
9919,0
9920,1
9921,1
9922,4
9923,2
9924,0
9925,4
9926,1
9927,0
9928,1
9929,0
9930,4
9931,4
9932,0
9933,0
9934,0
9935,0
9936,0
9937,2
9938,4
9939,3
9940,0
9941,2
9942,4
9943,1
9944,4
9945,0
9946,3
9947,3
9948,3
9949,3
9950,2
9951,4
9952,0
9953,1
9954,3
9955,2
9956,0
9957,2
9958,4
9959,0
9960,1
9961,3
9962,3
9963,2
9964,2
9965,0
9966,0
9967,3
9968,3
9969,4
9970,0
9971,0
9972,0
9973,4
9974,1
9975,2
9976,4
9977,3
9978,2
9979,4
9980,0
9981,2
9982,2
9983,3
9984,4
9985,3
9986,2
9987,3
9988,3
9989,4
9990,2
9991,1
9992,0
9993,4
9994,4
9995,2
9996,0
9997,0
9998,4
9999,3
10000,0
10001,2
10002,0
10003,3
10004,2
10005,3
10006,0
10007,4
10008,0
10009,2
10010,3
10011,2
10012,1
10013,3
10014,0
10015,1
10016,2
10017,0
10018,0
10019,3
10020,1
10021,4
10022,3
10023,3
10024,1
10025,0
10026,0
10027,2
10028,3
10029,3
10030,1
10031,3
10032,4
10033,4
10034,2
10035,4
10036,3
10037,0
10038,0
10039,2
10040,1
10041,3
10042,2
10043,2
10044,2
10045,1
10046,4
10047,2
10048,1
10049,2
10050,4
10051,3
10052,1
10053,1
10054,2
10055,1
10056,4
10057,3
10058,1
10059,3
10060,4
10061,4
10062,0
10063,4
10064,3
10065,2
10066,3
10067,3
10068,4
10069,3
10070,0
10071,1
10072,0
10073,3
10074,1
10075,3
10076,1
10077,2
10078,0
10079,2
10080,2
10081,3
10082,4
10083,1
10084,0
10085,4
10086,0
10087,3
10088,1
10089,0
10090,4
10091,0
10092,4
10093,4
10094,4
10095,0
10096,0
10097,0
10098,4
10099,1
10100,3
10101,0
10102,4
10103,4
10104,4
10105,1
10106,0
10107,2
10108,3
10109,0
10110,3
10111,2
10112,4
10113,2
10114,3
10115,4
10116,3
10117,2
10118,0
10119,3
10120,4
10121,1
10122,3
10123,4
10124,3
10125,4
10126,1
10127,3
10128,2
10129,1
10130,4
10131,2
10132,1
10133,4
10134,3
10135,3
10136,4
10137,0
10138,1
10139,0
10140,3
10141,1
10142,0
10143,2
10144,0
10145,4
10146,1
10147,3
10148,0
10149,0
10150,3
10151,0
10152,0
10153,1
10154,2
10155,3
10156,2
10157,3
10158,1
10159,0
10160,3
10161,0
10162,2
10163,1
10164,3
10165,4
10166,1
10167,2
10168,4
10169,2
10170,4
10171,1
10172,0
10173,2
10174,2
10175,1
10176,3
10177,1
10178,1
10179,3
10180,3
10181,1
10182,4
10183,4
10184,4
10185,4
10186,0
10187,2
10188,3
10189,1
10190,3
10191,4
10192,1
10193,1
10194,1
10195,4
10196,3
10197,0
10198,0
10199,3
10200,1
10201,3
10202,0
10203,1
10204,4
10205,0
10206,0
10207,4
10208,0
10209,4
10210,3
10211,3
10212,1
10213,3
10214,0
10215,3
10216,4
10217,1
10218,1
10219,0
10220,2
10221,4
10222,4
10223,2
10224,1
10225,0
10226,4
10227,3
10228,0
10229,4
10230,3
10231,3
10232,2
10233,0
10234,4
10235,4
10236,4
10237,0
10238,4
10239,4
10240,0
10241,2
10242,4
10243,1
10244,2
10245,0
10246,3
10247,2
10248,2
10249,4
10250,0
10251,3
10252,2
10253,3
10254,3
10255,3
10256,0
10257,3
10258,0
10259,4
10260,4
10261,0
10262,3
10263,2
10264,3
10265,3
10266,0
10267,4
10268,3
10269,0
10270,1
10271,4
10272,0
10273,2
10274,0
10275,2
10276,0
10277,1
10278,0
10279,4
10280,1
10281,0
10282,2
10283,4
10284,4
10285,0
10286,1
10287,4
10288,1
10289,2
10290,0
10291,1
10292,3
10293,0
10294,2
10295,4
10296,1
10297,4
10298,0
10299,1
10300,1
10301,4
10302,1
10303,2
10304,2
10305,3
10306,3
10307,4
10308,4
10309,0
10310,1
10311,4
10312,0
10313,0
10314,4
10315,2
10316,0
10317,0
10318,1
10319,2
10320,0
10321,4
10322,1
10323,3
10324,3
10325,3
10326,0
10327,2
10328,2
10329,4
10330,3
10331,3
10332,0
10333,2
10334,0
10335,2
10336,4
10337,3
10338,0
10339,4
10340,0
10341,1
10342,1
10343,1
10344,1
10345,4
10346,4
10347,4
10348,4
10349,2
10350,0
10351,1
10352,3
10353,4
10354,1
10355,0
10356,0
10357,0
10358,1
10359,1
10360,4
10361,1
10362,4
10363,3
10364,1
10365,0
10366,4
10367,2
10368,0
10369,1
10370,1
10371,0
10372,2
10373,1
10374,0
10375,4
10376,4
10377,3
10378,0
10379,2
10380,1
10381,4
10382,4
10383,4
10384,1
10385,2
10386,0
10387,3
10388,1
10389,2
10390,2
10391,3
10392,1
10393,0
10394,0
10395,2
10396,1
10397,4
10398,2
10399,4
10400,1
10401,2
10402,4
10403,3
10404,4
10405,2
10406,4
10407,3
10408,2
10409,3
10410,2
10411,2
10412,0
10413,2
10414,4
10415,1
10416,2
10417,4
10418,4
10419,3
10420,2
10421,3
10422,2
10423,3
10424,4
10425,2
10426,1
10427,4
10428,1
10429,1
10430,1
10431,3
10432,0
10433,2
10434,2
10435,3
10436,3
10437,2
10438,3
10439,4
10440,3
10441,1
10442,4
10443,1
10444,1
10445,1
10446,2
10447,4
10448,1
10449,4
10450,3
10451,3
10452,3
10453,1
10454,2
10455,3
10456,3
10457,1
10458,4
10459,3
10460,0
10461,2
10462,1
10463,1
10464,1
10465,1
10466,4
10467,2
10468,3
10469,2
10470,0
10471,1
10472,4
10473,4
10474,1
10475,4
10476,1
10477,3
10478,0
10479,0
10480,1
10481,4
10482,2
10483,3
10484,0
10485,3
10486,4
10487,1
10488,2
10489,1
10490,3
10491,2
10492,2
10493,0
10494,2
10495,4
10496,3
10497,1
10498,0
10499,2
10500,2
10501,0
10502,3
10503,4
10504,3
10505,3
10506,4
10507,3
10508,1
10509,0
10510,0
10511,2
10512,3
10513,3
10514,4
10515,1
10516,2
10517,4
10518,2
10519,4
10520,1
10521,3
10522,0
10523,0
10524,0
10525,0
10526,4
10527,0
10528,3
10529,3
10530,2
10531,2
10532,1
10533,4
10534,0
10535,3
10536,2
10537,1
10538,3
10539,2
10540,3
10541,0
10542,0
10543,4
10544,4
10545,1
10546,2
10547,0
10548,0
10549,0
10550,3
10551,4
10552,2
10553,0
10554,4
10555,0
10556,2
10557,2
10558,2
10559,0
10560,1
10561,1
10562,4
10563,3
10564,1
10565,0
10566,3
10567,0
10568,3
10569,0
10570,1
10571,2
10572,4
10573,0
10574,1
10575,2
10576,4
10577,1
10578,2
10579,0
10580,3
10581,3
10582,4
10583,0
10584,3
10585,3
10586,1
10587,4
10588,1
10589,1
10590,1
10591,4
10592,1
10593,2
10594,1
10595,3
10596,1
10597,2
10598,3
10599,4
10600,2
10601,4
10602,1
10603,2
10604,4
10605,4
10606,4
10607,4
10608,0
10609,2
10610,2
10611,3
10612,3
10613,2
10614,4
10615,3
10616,4
10617,1
10618,4
10619,1
10620,3
10621,0
10622,4
10623,2
10624,4
10625,3
10626,0
10627,1
10628,2
10629,0
10630,2
10631,4
10632,2
10633,0
10634,2
10635,4
10636,3
10637,1
10638,4
10639,2
10640,3
10641,2
10642,2
10643,3
10644,0
10645,3
10646,1
10647,4
10648,2
10649,0
10650,3
10651,0
10652,0
10653,4
10654,1
10655,3
10656,3
10657,3
10658,3
10659,3
10660,1
10661,2
10662,1
10663,4
10664,3
10665,4
10666,2
10667,2
10668,0
10669,1
10670,4
10671,1
10672,4
10673,3
10674,4
10675,0
10676,4
10677,1
10678,4
10679,3
10680,1
10681,0
10682,3
10683,1
10684,0
10685,3
10686,3
10687,2
10688,4
10689,2
10690,2
10691,2
10692,2
10693,4
10694,1
10695,3
10696,3
10697,2
10698,4
10699,4
10700,3
10701,1
10702,0
10703,4
10704,4
10705,2
10706,1
10707,1
10708,3
10709,0
10710,1
10711,4
10712,3
10713,1
10714,3
10715,3
10716,0
10717,4
10718,4
10719,2
10720,0
10721,1
10722,0
10723,3
10724,4
10725,3
10726,3
10727,0
10728,4
10729,1
10730,4
10731,3
10732,4
10733,3
10734,4
10735,4
10736,1
10737,3
10738,1
10739,4
10740,4
10741,1
10742,0
10743,2
10744,0
10745,4
10746,3
10747,1
10748,3
10749,4
10750,2
10751,4
10752,0
10753,0
10754,2
10755,4
10756,2
10757,1
10758,1
10759,2
10760,3
10761,4
10762,1
10763,1
10764,1
10765,1
10766,1
10767,3
10768,0
10769,3
10770,3
10771,2
10772,1
10773,2
10774,3
10775,0
10776,0
10777,1
10778,2
10779,0
10780,1
10781,2
10782,3
10783,0
10784,4
10785,2
10786,4
10787,1
10788,2
10789,0
10790,4
10791,3
10792,3
10793,4
10794,0
10795,1
10796,0
10797,4
10798,0
10799,0
10800,2
10801,1
10802,0
10803,1
10804,4
10805,2
10806,3
10807,1
10808,4
10809,1
10810,0
10811,2
10812,4
10813,1
10814,2
10815,0
10816,1
10817,3
10818,0
10819,2
10820,4
10821,0
10822,2
10823,3
10824,4
10825,0
10826,3
10827,2
10828,2
10829,1
10830,3
10831,2
10832,2
10833,0
10834,3
10835,2
10836,4
10837,0
10838,3
10839,1
10840,1
10841,0
10842,2
10843,4
10844,1
10845,4
10846,4
10847,0
10848,2
10849,4
10850,2
10851,4
10852,4
10853,0
10854,4
10855,3
10856,4
10857,2
10858,0
10859,2
10860,1
10861,3
10862,0
10863,3
10864,2
10865,3
10866,0
10867,0
10868,0
10869,4
10870,4
10871,2
10872,4
10873,2
10874,2
10875,1
10876,1
10877,2
10878,1
10879,4
10880,2
10881,4
10882,1
10883,1
10884,0
10885,4
10886,0
10887,0
10888,4
10889,2
10890,3
10891,1
10892,1
10893,0
10894,2
10895,2
10896,0
10897,2
10898,4
10899,3
10900,3
10901,1
10902,2
10903,4
10904,4
10905,2
10906,3
10907,0
10908,3
10909,1
10910,1
10911,1
10912,1
10913,2
10914,0
10915,2
10916,0
10917,4
10918,1
10919,3
10920,1
10921,4
10922,2
10923,0
10924,2
10925,2
10926,3
10927,3
10928,0
10929,4
10930,4
10931,0
10932,0
10933,3
10934,3
10935,2
10936,4
10937,0
10938,2
10939,3
10940,0
10941,2
10942,1
10943,4
10944,4
10945,0
10946,2
10947,1
10948,2
10949,4
10950,4
10951,0
10952,2
10953,0
10954,1
10955,0
10956,2
10957,4
10958,1
10959,2
10960,4
10961,0
10962,3
10963,3
10964,4
10965,1
10966,2
10967,0
10968,2
10969,0
10970,2
10971,4
10972,0
10973,4
10974,4
10975,0
10976,2
10977,4
10978,2
10979,4
10980,4
10981,3
10982,3
10983,4
10984,2
10985,2
10986,1
10987,3
10988,4
10989,3
10990,1
10991,0
10992,4
10993,1
10994,2
10995,0
10996,4
10997,2
10998,1
10999,3
11000,2
11001,3
11002,3
11003,4
11004,0
11005,1
11006,1
11007,0
11008,0
11009,3
11010,1
11011,3
11012,1
11013,2
11014,2
11015,1
11016,2
11017,4
11018,1
11019,3
11020,0
11021,2
11022,2
11023,2
11024,2
11025,4
11026,1
11027,0
11028,1
11029,1
11030,3
11031,1
11032,3
11033,3
11034,3
11035,0
11036,3
11037,3
11038,1
11039,0
11040,3
11041,3
11042,4
11043,0
11044,3
11045,0
11046,0
11047,2
11048,1
11049,1
11050,3
11051,3
11052,4
11053,4
11054,3
11055,0
11056,2
11057,3
11058,1
11059,0
11060,2
11061,1
11062,4
11063,4
11064,1
11065,0
11066,2
11067,3
11068,3
11069,0
11070,3
11071,0
11072,1
11073,4
11074,4
11075,4
11076,2
11077,4
11078,4
11079,1
11080,4
11081,0
11082,2
11083,4
11084,2
11085,3
11086,1
11087,0
11088,3
11089,2
11090,3
11091,4
11092,3
11093,4
11094,1
11095,3
11096,3
11097,3
11098,3
11099,2
11100,3
11101,2
11102,4
11103,4
11104,0
11105,3
11106,3
11107,0
11108,0
11109,3
11110,3
11111,0
11112,1
11113,4
11114,3
11115,4
11116,1
11117,0
11118,4
11119,2
11120,4
11121,3
11122,1
11123,2
11124,0
11125,4
11126,0
11127,4
11128,0
11129,1
11130,2
11131,3
11132,1
11133,3
11134,3
11135,2
11136,3
11137,2
11138,0
11139,3
11140,2
11141,3
11142,1
11143,4
11144,2
11145,0
11146,0
11147,0
11148,3
11149,1
11150,2
11151,0
11152,4
11153,4
11154,4
11155,1
11156,0
11157,2
11158,3
11159,0
11160,2
11161,1
11162,4
11163,1
11164,1
11165,1
11166,3
11167,0
11168,4
11169,2
11170,2
11171,4
11172,2
11173,2
11174,1
11175,3
11176,0
11177,3
11178,3
11179,0
11180,0
11181,0
11182,3
11183,3
11184,3
11185,0
11186,2
11187,0
11188,3
11189,2
11190,2
11191,3
11192,4
11193,2
11194,1
11195,3
11196,3
11197,4
11198,2
11199,1
11200,0
11201,0
11202,1
11203,3
11204,0
11205,3
11206,0
11207,3
11208,3
11209,3
11210,1
11211,3
11212,0
11213,3
11214,2
11215,1
11216,1
11217,0
11218,4
11219,0
11220,2
11221,4
11222,4
11223,1
11224,1
11225,0
11226,2
11227,0
11228,4
11229,0
11230,0
11231,1
11232,0
11233,2
11234,3
11235,2
11236,1
11237,1
11238,1
11239,3
11240,3
11241,4
11242,2
11243,0
11244,2
11245,0
11246,2
11247,3
11248,1
11249,2
11250,2
11251,2
11252,1
11253,1
11254,2
11255,3
11256,4
11257,1
11258,0
11259,1
11260,4
11261,1
11262,0
11263,1
11264,0
11265,2
11266,4
11267,4
11268,4
11269,2
11270,2
11271,0
11272,1
11273,2
11274,4
11275,2
11276,3
11277,3
11278,3
11279,2
11280,0
11281,1
11282,1
11283,3
11284,1
11285,0
11286,1
11287,1
11288,0
11289,0
11290,2
11291,4
11292,0
11293,4
11294,3
11295,4
11296,0
11297,3
11298,2
11299,3
11300,0
11301,2
11302,2
11303,1
11304,2
11305,1
11306,2
11307,0
11308,4
11309,0
11310,3
11311,3
11312,2
11313,4
11314,0
11315,0
11316,2
11317,1
11318,0
11319,1
11320,4
11321,3
11322,4
11323,3
11324,4
11325,1
11326,4
11327,0
11328,0
11329,2
11330,0
11331,1
11332,4
11333,2
11334,4
11335,1
11336,4
11337,1
11338,2
11339,0
11340,2
11341,1
11342,4
11343,1
11344,3
11345,1
11346,2
11347,0
11348,0
11349,1
11350,4
11351,0
11352,3
11353,1
11354,0
11355,4
11356,4
11357,1
11358,2
11359,3
11360,3
11361,1
11362,2
11363,3
11364,1
11365,3
11366,1
11367,2
11368,4
11369,2
11370,4
11371,3
11372,1
11373,2
11374,1
11375,3
11376,4
11377,2
11378,4
11379,2
11380,4
11381,0
11382,3
11383,2
11384,4
11385,1
11386,1
11387,2
11388,4
11389,2
11390,2
11391,4
11392,0
11393,2
11394,2
11395,3
11396,1
11397,2
11398,4
11399,1
11400,4
11401,3
11402,4
11403,0
11404,4
11405,1
11406,3
11407,0
11408,0
11409,4
11410,0
11411,2
11412,4
11413,2
11414,1
11415,0
11416,2
11417,2
11418,2
11419,0
11420,3
11421,0
11422,0
11423,2
11424,2
11425,4
11426,0
11427,4
11428,2
11429,4
11430,2
11431,1
11432,1
11433,3
11434,3
11435,0
11436,2
11437,1
11438,4
11439,3
11440,4
11441,2
11442,4
11443,3
11444,4
11445,3
11446,4
11447,4
11448,4
11449,1
11450,1
11451,3
11452,2
11453,3
11454,2
11455,0
11456,4
11457,1
11458,1
11459,4
11460,3
11461,4
11462,3
11463,0
11464,2
11465,0
11466,0
11467,0
11468,1
11469,0
11470,1
11471,2
11472,3
11473,4
11474,0
11475,2
11476,2
11477,0
11478,4
11479,3
11480,0
11481,3
11482,2
11483,1
11484,0
11485,2
11486,1
11487,2
11488,3
11489,4
11490,3
11491,4
11492,4
11493,0
11494,3
11495,3
11496,0
11497,3
11498,4
11499,2
11500,2
11501,3
11502,0
11503,1
11504,3
11505,1
11506,0
11507,3
11508,0
11509,4
11510,4
11511,4
11512,3
11513,3
11514,2
11515,4
11516,4
11517,4
11518,1
11519,0
11520,1
11521,4
11522,4
11523,2
11524,0
11525,2
11526,4
11527,0
11528,2
11529,4
11530,4
11531,0
11532,2
11533,0
11534,0
11535,2
11536,0
11537,0
11538,2
11539,4
11540,1
11541,4
11542,3
11543,2
11544,1
11545,3
11546,1
11547,4
11548,2
11549,3
11550,0
11551,2
11552,4
11553,2
11554,0
11555,0
11556,1
11557,2
11558,2
11559,1
11560,0
11561,2
11562,4
11563,0
11564,3
11565,2
11566,1
11567,0
11568,2
11569,3
11570,0
11571,0
11572,1
11573,3
11574,1
11575,2
11576,4
11577,4
11578,2
11579,3
11580,1
11581,4
11582,4
11583,1
11584,4
11585,3
11586,1
11587,1
11588,2
11589,0
11590,4
11591,2
11592,2
11593,1
11594,4
11595,3
11596,4
11597,0
11598,0
11599,4
11600,0
11601,0
11602,2
11603,0
11604,1
11605,4
11606,1
11607,3
11608,3
11609,4
11610,1
11611,3
11612,3
11613,2
11614,4
11615,4
11616,2
11617,0
11618,4
11619,2
11620,1
11621,1
11622,3
11623,1
11624,2
11625,2
11626,0
11627,4
11628,2
11629,0
11630,3
11631,2
11632,1
11633,2
11634,2
11635,0
11636,2
11637,4
11638,1
11639,3
11640,2
11641,1
11642,0
11643,4
11644,4
11645,3
11646,3
11647,4
11648,2
11649,2
11650,3
11651,2
11652,1
11653,2
11654,4
11655,4
11656,2
11657,3
11658,3
11659,3
11660,2
11661,1
11662,0
11663,4
11664,4
11665,0
11666,2
11667,1
11668,2
11669,2
11670,1
11671,0
11672,1
11673,1
11674,1
11675,3
11676,0
11677,1
11678,2
11679,2
11680,1
11681,0
11682,2
11683,3
11684,4
11685,4
11686,3
11687,0
11688,1
11689,4
11690,2
11691,3
11692,1
11693,0
11694,3
11695,0
11696,2
11697,3
11698,1
11699,1
11700,4
11701,4
11702,0
11703,0
11704,1
11705,2
11706,4
11707,3
11708,2
11709,1
11710,4
11711,3
11712,1
11713,0
11714,1
11715,2
11716,4
11717,4
11718,0
11719,0
11720,0
11721,1
11722,3
11723,3
11724,1
11725,2
11726,4
11727,1
11728,0
11729,3
11730,0
11731,0
11732,0
11733,4
11734,2
11735,3
11736,4
11737,2
11738,3
11739,4
11740,1
11741,1
11742,2
11743,3
11744,4
11745,3
11746,2
11747,4
11748,4
11749,2
11750,1
11751,1
11752,0
11753,1
11754,0
11755,0
11756,4
11757,1
11758,4
11759,2
11760,2
11761,3
11762,2
11763,2
11764,1
11765,1
11766,3
11767,0
11768,4
11769,0
11770,0
11771,4
11772,4
11773,2
11774,4
11775,4
11776,1
11777,0
11778,1
11779,2
11780,0
11781,1
11782,0
11783,3
11784,3
11785,3
11786,2
11787,1
11788,1
11789,1
11790,4
11791,4
11792,3
11793,0
11794,4
11795,0
11796,1
11797,2
11798,4
11799,1
11800,2
11801,1
11802,1
11803,1
11804,4
11805,0
11806,3
11807,3
11808,2
11809,0
11810,3
11811,0
11812,4
11813,4
11814,0
11815,2
11816,4
11817,4
11818,4
11819,3
11820,1
11821,3
11822,4
11823,2
11824,2
11825,2
11826,4
11827,1
11828,1
11829,0
11830,2
11831,1
11832,4
11833,3
11834,2
11835,3
11836,2
11837,1
11838,2
11839,2
11840,1
11841,1
11842,3
11843,4
11844,0
11845,3
11846,3
11847,2
11848,4
11849,3
11850,0
11851,4
11852,0
11853,0
11854,3
11855,2
11856,1
11857,3
11858,4
11859,1
11860,2
11861,2
11862,1
11863,4
11864,1
11865,4
11866,4
11867,1
11868,1
11869,1
11870,3
11871,0
11872,3
11873,0
11874,1
11875,4
11876,0
11877,3
11878,0
11879,2
11880,2
11881,2
11882,2
11883,3
11884,3
11885,2
11886,3
11887,1
11888,0
11889,1
11890,2
11891,4
11892,0
11893,4
11894,1
11895,1
11896,4
11897,2
11898,3
11899,0
11900,1
11901,1
11902,0
11903,3
11904,3
11905,2
11906,4
11907,2
11908,0
11909,2
11910,3
11911,2
11912,0
11913,2
11914,3
11915,1
11916,3
11917,1
11918,4
11919,2
11920,2
11921,4
11922,1
11923,2
11924,0
11925,1
11926,2
11927,2
11928,2
11929,4
11930,0
11931,4
11932,1
11933,1
11934,4
11935,0
11936,4
11937,3
11938,1
11939,1
11940,1
11941,2
11942,3
11943,0
11944,2
11945,2
11946,0
11947,4
11948,0
11949,4
11950,2
11951,3
11952,2
11953,3
11954,0
11955,4
11956,1
11957,3
11958,2
11959,3
11960,0
11961,4
11962,2
11963,3
11964,0
11965,4
11966,1
11967,4
11968,4
11969,2
11970,0
11971,4
11972,1
11973,1
11974,4
11975,2
11976,0
11977,4
11978,3
11979,2
11980,3
11981,0
11982,4
11983,2
11984,1
11985,0
11986,2
11987,2
11988,1
11989,2
11990,1
11991,2
11992,4
11993,1
11994,1
11995,3
11996,1
11997,2
11998,0
11999,3
12000,4
12001,0
12002,3
12003,0
12004,1
12005,3
12006,1
12007,3
12008,4
12009,3
12010,4
12011,2
12012,0
12013,2
12014,2
12015,2
12016,2
12017,3
12018,0
12019,0
12020,0
12021,2
12022,0
12023,3
12024,2
12025,4
12026,0
12027,0
12028,3
12029,2
12030,3
12031,0
12032,2
12033,3
12034,2
12035,4
12036,3
12037,3
12038,2
12039,2
12040,2
12041,0
12042,2
12043,2
12044,4
12045,4
12046,0
12047,0
12048,0
12049,0
12050,3
12051,4
12052,4
12053,1
12054,1
12055,4
12056,4
12057,3
12058,0
12059,0
12060,2
12061,4
12062,2
12063,3
12064,1
12065,1
12066,1
12067,4
12068,1
12069,1
12070,2
12071,3
12072,3
12073,0
12074,2
12075,1
12076,3
12077,1
12078,2
12079,1
12080,1
12081,2
12082,3
12083,1
12084,1
12085,3
12086,3
12087,1
12088,4
12089,3
12090,1
12091,1
12092,2
12093,3
12094,0
12095,0
12096,4
12097,3
12098,0
12099,0
12100,0
12101,3
12102,1
12103,1
12104,3
12105,4
12106,4
12107,0
12108,3
12109,3
12110,2
12111,3
12112,1
12113,0
12114,3
12115,1
12116,3
12117,2
12118,0
12119,4
12120,0
12121,2
12122,2
12123,2
12124,2
12125,4
12126,0
12127,0
12128,4
12129,4
12130,1
12131,2
12132,1
12133,2
12134,3
12135,1
12136,0
12137,0
12138,0
12139,1
12140,2
12141,0
12142,0
12143,1
12144,0
12145,2
12146,0
12147,4
12148,1
12149,3
12150,2
12151,4
12152,0
12153,2
12154,1
12155,4
12156,0
12157,3
12158,4
12159,3
12160,4
12161,3
12162,4
12163,0
12164,1
12165,4
12166,3
12167,0
12168,4
12169,1
12170,3
12171,0
12172,0
12173,3
12174,4
12175,3
12176,3
12177,4
12178,3
12179,0
12180,0
12181,0
12182,0
12183,4
12184,0
12185,1
12186,3
12187,3
12188,1
12189,4
12190,0
12191,4
12192,0
12193,4
12194,2
12195,0
12196,3
12197,3
12198,2
12199,3
12200,3
12201,1
12202,1
12203,4
12204,2
12205,2
12206,1
12207,2
12208,0
12209,1
12210,2
12211,3
12212,3
12213,1
12214,0
12215,3
12216,2
12217,0
12218,3
12219,2
12220,2
12221,3
12222,0
12223,3
12224,3
12225,1
12226,4
12227,3
12228,3
12229,1
12230,4
12231,0
12232,0
12233,3
12234,3
12235,3
12236,4
12237,0
12238,4
12239,0
12240,3
12241,4
12242,2
12243,3
12244,1
12245,3
12246,1
12247,3
12248,4
12249,4
12250,2
12251,3
12252,2
12253,2
12254,3
12255,0
12256,4
12257,3
12258,4
12259,2
12260,1
12261,0
12262,2
12263,1
12264,3
12265,2
12266,0
12267,3
12268,4
12269,1
12270,4
12271,1
12272,0
12273,0
12274,0
12275,4
12276,0
12277,3
12278,1
12279,1
12280,1
12281,2
12282,4
12283,4
12284,3
12285,4
12286,3
12287,3
12288,0
12289,4
12290,2
12291,4
12292,1
12293,0
12294,4
12295,3
12296,4
12297,4
12298,3
12299,2
12300,2
12301,4
12302,3
12303,0
12304,3
12305,4
12306,0
12307,0
12308,3
12309,3
12310,3
12311,3
12312,3
12313,1
12314,3
12315,4
12316,0
12317,1
12318,3
12319,1
12320,1
12321,0
12322,1
12323,1
12324,3
12325,4
12326,1
12327,0
12328,3
12329,4
12330,4
12331,1
12332,4
12333,2
12334,2
12335,4
12336,1
12337,2
12338,0
12339,2
12340,4
12341,0
12342,2
12343,4
12344,3
12345,4
12346,0
12347,2
12348,2
12349,4
12350,0
12351,0
12352,1
12353,4
12354,4
12355,1
12356,3
12357,3
12358,4
12359,2
12360,3
12361,3
12362,4
12363,2
12364,1
12365,0
12366,0
12367,3
12368,1
12369,4
12370,3
12371,1
12372,0
12373,1
12374,3
12375,1
12376,0
12377,2
12378,1
12379,4
12380,4
12381,0
12382,3
12383,1
12384,0
12385,1
12386,3
12387,2
12388,4
12389,1
12390,3
12391,0
12392,3
12393,3
12394,2
12395,1
12396,1
12397,0
12398,2
12399,0
12400,1
12401,4
12402,0
12403,2
12404,0
12405,2
12406,2
12407,2
12408,3
12409,2
12410,0
12411,2
12412,4
12413,1
12414,4
12415,3
12416,4
12417,2
12418,2
12419,0
12420,0
12421,3
12422,0
12423,2
12424,0
12425,3
12426,4
12427,2
12428,2
12429,0
12430,4
12431,2
12432,1
12433,2
12434,3
12435,4
12436,2
12437,4
12438,2
12439,3
12440,2
12441,3
12442,3
12443,4
12444,3
12445,0
12446,0
12447,1
12448,3
12449,4
12450,0
12451,2
12452,3
12453,1
12454,1
12455,2
12456,3
12457,1
12458,3
12459,3
12460,0
12461,2
12462,2
12463,0
12464,0
12465,4
12466,2
12467,0
12468,1
12469,1
12470,0
12471,0
12472,4
12473,1
12474,0
12475,2
12476,0
12477,2
12478,3
12479,4
12480,0
12481,1
12482,1
12483,2
12484,2
12485,2
12486,2
12487,0
12488,2
12489,0
12490,0
12491,2
12492,4
12493,4
12494,3
12495,1
12496,4
12497,2
12498,4
12499,1
12500,2
12501,2
12502,1
12503,0
12504,4
12505,4
12506,2
12507,3
12508,0
12509,1
12510,3
12511,0
12512,3
12513,3
12514,4
12515,2
12516,1
12517,2
12518,0
12519,0
12520,3
12521,3
12522,4
12523,3
12524,3
12525,1
12526,1
12527,4
12528,0
12529,0
12530,3
12531,2
12532,0
12533,4
12534,2
12535,2
12536,1
12537,2
12538,2
12539,4
12540,1
12541,3
12542,3
12543,2
12544,2
12545,2
12546,2
12547,3
12548,3
12549,3
12550,2
12551,4
12552,0
12553,3
12554,4
12555,0
12556,2
12557,0
12558,3
12559,4
12560,0
12561,1
12562,2
12563,4
12564,2
12565,1
12566,2
12567,3
12568,1
12569,4
12570,0
12571,1
12572,1
12573,0
12574,3
12575,0
12576,3
12577,1
12578,4
12579,1
12580,2
12581,3
12582,3
12583,0
12584,0
12585,0
12586,4
12587,0
12588,3
12589,1
12590,2
12591,1
12592,2
12593,4
12594,4
12595,0
12596,3
12597,1
12598,3
12599,4
12600,2
12601,0
12602,1
12603,4
12604,2
12605,2
12606,2
12607,4
12608,2
12609,2
12610,2
12611,0
12612,4
12613,4
12614,4
12615,2
12616,2
12617,2
12618,4
12619,2
12620,0
12621,2
12622,3
12623,0
12624,2
12625,4
12626,3
12627,0
12628,0
12629,0
12630,2
12631,0
12632,0
12633,2
12634,2
12635,0
12636,2
12637,0
12638,2
12639,0
12640,2
12641,1
12642,3
12643,0
12644,4
12645,4
12646,3
12647,0
12648,3
12649,1
12650,0
12651,0
12652,4
12653,3
12654,3
12655,0
12656,1
12657,2
12658,2
12659,4
12660,1
12661,0
12662,4
12663,1
12664,1
12665,2
12666,1
12667,3
12668,1
12669,4
12670,1
12671,3
12672,4
12673,3
12674,2
12675,1
12676,2
12677,3
12678,3
12679,3
12680,1
12681,3
12682,1
12683,0
12684,4
12685,0
12686,0
12687,0
12688,0
12689,0
12690,2
12691,3
12692,2
12693,0
12694,0
12695,1
12696,3
12697,1
12698,1
12699,2
12700,2
12701,1
12702,4
12703,2
12704,1
12705,4
12706,4
12707,1
12708,4
12709,0
12710,3
12711,2
12712,3
12713,1
12714,4
12715,0
12716,0
12717,4
12718,2
12719,0
12720,0
12721,3
12722,1
12723,3
12724,1
12725,2
12726,1
12727,2
12728,3
12729,1
12730,2
12731,0
12732,1
12733,2
12734,0
12735,0
12736,3
12737,0
12738,0
12739,1
12740,4
12741,0
12742,2
12743,4
12744,0
12745,3
12746,2
12747,4
12748,3
12749,2
12750,3
12751,2
12752,0
12753,4
12754,1
12755,3
12756,3
12757,2
12758,0
12759,4
12760,0
12761,3
12762,0
12763,0
12764,0
12765,4
12766,0
12767,3
12768,4
12769,2
12770,0
12771,0
12772,4
12773,1
12774,3
12775,4
12776,1
12777,3
12778,3
12779,1
12780,2
12781,4
12782,2
12783,4
12784,1
12785,1
12786,0
12787,2
12788,3
12789,0
12790,3
12791,4
12792,4
12793,2
12794,4
12795,4
12796,4
12797,3
12798,1
12799,1
12800,0
12801,3
12802,1
12803,4
12804,4
12805,3
12806,3
12807,2
12808,0
12809,2
12810,4
12811,1
12812,1
12813,0
12814,0
12815,4
12816,1
12817,3
12818,2
12819,3
12820,1
12821,3
12822,1
12823,4
12824,4
12825,0
12826,2
12827,4
12828,4
12829,4
12830,4
12831,4
12832,4
12833,4
12834,3
12835,2
12836,1
12837,3
12838,0
12839,1
12840,1
12841,4
12842,1
12843,4
12844,4
12845,0
12846,1
12847,0
12848,0
12849,1
12850,2
12851,1
12852,1
12853,2
12854,0
12855,1
12856,0
12857,0
12858,1
12859,2
12860,0
12861,2
12862,2
12863,2
12864,2
12865,4
12866,3
12867,4
12868,3
12869,3
12870,0
12871,3
12872,4
12873,3
12874,1
12875,2
12876,3
12877,3
12878,0
12879,2
12880,4
12881,2
12882,1
12883,4
12884,4
12885,0
12886,3
12887,2
12888,3
12889,3
12890,1
12891,4
12892,3
12893,3
12894,4
12895,3
12896,2
12897,1
12898,0
12899,4
12900,3
12901,0
12902,1
12903,0
12904,1
12905,1
12906,2
12907,4
12908,0
12909,0
12910,4
12911,4
12912,3
12913,1
12914,3
12915,2
12916,1
12917,3
12918,2
12919,0
12920,1
12921,1
12922,2
12923,1
12924,0
12925,2
12926,4
12927,3
12928,4
12929,1
12930,3
12931,4
12932,0
12933,4
12934,2
12935,2
12936,2
12937,4
12938,3
12939,4
12940,3
12941,1
12942,0
12943,3
12944,1
12945,2
12946,1
12947,1
12948,2
12949,0
12950,2
12951,0
12952,3
12953,0
12954,0
12955,0
12956,0
12957,1
12958,3
12959,3
12960,1
12961,2
12962,3
12963,4
12964,3
12965,1
12966,0
12967,4
12968,3
12969,2
12970,4
12971,1
12972,1
12973,1
12974,3
12975,3
12976,3
12977,1
12978,4
12979,1
12980,2
12981,4
12982,0
12983,2
12984,0
12985,1
12986,3
12987,1
12988,1
12989,0
12990,4
12991,3
12992,3
12993,2
12994,4
12995,3
12996,4
12997,4
12998,2
12999,3
13000,1
13001,3
13002,0
13003,0
13004,3
13005,4
13006,1
13007,1
13008,2
13009,0
13010,0
13011,3
13012,3
13013,2
13014,2
13015,1
13016,3
13017,3
13018,1
13019,0
13020,4
13021,0
13022,1
13023,3
13024,2
13025,3
13026,3
13027,0
13028,2
13029,1
13030,4
13031,3
13032,3
13033,0
13034,4
13035,3
13036,0
13037,0
13038,1
13039,4
13040,1
13041,2
13042,4
13043,3
13044,1
13045,4
13046,0
13047,4
13048,1
13049,2
13050,3
13051,2
13052,3
13053,1
13054,1
13055,0
13056,4
13057,1
13058,1
13059,0
13060,4
13061,0
13062,4
13063,1
13064,0
13065,0
13066,2
13067,1
13068,2
13069,3
13070,2
13071,3
13072,4
13073,1
13074,2
13075,0
13076,4
13077,3
13078,0
13079,2
13080,1
13081,3
13082,3
13083,0
13084,1
13085,1
13086,0
13087,4
13088,1
13089,1
13090,1
13091,0
13092,2
13093,4
13094,2
13095,4
13096,3
13097,4
13098,1
13099,0
13100,3
13101,4
13102,3
13103,0
13104,1
13105,3
13106,2
13107,2
13108,0
13109,1
13110,0
13111,3
13112,1
13113,2
13114,1
13115,0
13116,2
13117,0
13118,3
13119,1
13120,0
13121,3
13122,3
13123,4
13124,2
13125,4
13126,1
13127,3
13128,4
13129,3
13130,0
13131,0
13132,4
13133,3
13134,0
13135,2
13136,1
13137,2
13138,1
13139,0
13140,3
13141,4
13142,3
13143,0
13144,0
13145,3
13146,3
13147,3
13148,2
13149,0
13150,3
13151,2
13152,0
13153,2
13154,2
13155,3
13156,1
13157,0
13158,3
13159,0
13160,2
13161,2
13162,1
13163,1
13164,3
13165,1
13166,2
13167,4
13168,3
13169,3
13170,1
13171,0
13172,4
13173,1
13174,2
13175,0
13176,3
13177,2
13178,1
13179,1
13180,3
13181,3
13182,3
13183,4
13184,0
13185,2
13186,3
13187,1
13188,4
13189,2
13190,3
13191,0
13192,4
13193,1
13194,1
13195,1
13196,1
13197,4
13198,1
13199,4
13200,3
13201,4
13202,3
13203,3
13204,4
13205,4
13206,4
13207,4
13208,4
13209,3
13210,2
13211,4
13212,1
13213,1
13214,1
13215,0
13216,4
13217,0
13218,1
13219,0
13220,4
13221,0
13222,2
13223,3
13224,4
13225,2
13226,1
13227,1
13228,0
13229,1
13230,1
13231,3
13232,4
13233,3
13234,2
13235,4
13236,2
13237,2
13238,1
13239,0
13240,0
13241,0
13242,1
13243,4
13244,1
13245,1
13246,0
13247,3
13248,4
13249,4
13250,0
13251,2
13252,4
13253,4
13254,1
13255,3
13256,2
13257,3
13258,2
13259,4
13260,2
13261,1
13262,3
13263,3
13264,0
13265,4
13266,2
13267,0
13268,0
13269,0
13270,0
13271,3
13272,2
13273,3
13274,3
13275,1
13276,4
13277,2
13278,4
13279,3
13280,4
13281,2
13282,0
13283,4
13284,2
13285,0
13286,0
13287,1
13288,0
13289,0
13290,0
13291,3
13292,1
13293,2
13294,0
13295,1
13296,4
13297,1
13298,0
13299,2
13300,0
13301,2
13302,3
13303,3
13304,1
13305,1
13306,2
13307,1
13308,3
13309,1
13310,3
13311,2
13312,3
13313,4
13314,4
13315,4
13316,1
13317,2
13318,3
13319,4
13320,2
13321,3
13322,3
13323,1
13324,2
13325,4
13326,0
13327,0
13328,2
13329,4
13330,1
13331,4
13332,1
13333,2
13334,0
13335,4
13336,1
13337,0
13338,0
13339,1
13340,1
13341,0
13342,2
13343,1
13344,1
13345,0
13346,0
13347,1
13348,4
13349,1
13350,0
13351,4
13352,4
13353,2
13354,1
13355,1
13356,4
13357,2
13358,4
13359,1
13360,1
13361,2
13362,4
13363,0
13364,1
13365,2
13366,1
13367,4
13368,4
13369,4
13370,0
13371,4
13372,3
13373,3
13374,2
13375,3
13376,4
13377,0
13378,3
13379,4
13380,0
13381,3
13382,2
13383,3
13384,2
13385,2
13386,0
13387,2
13388,4
13389,1
13390,0
13391,0
13392,2
13393,3
13394,3
13395,0
13396,1
13397,1
13398,4
13399,3
13400,3
13401,1
13402,4
13403,3
13404,3
13405,1
13406,3
13407,0
13408,3
13409,3
13410,4
13411,4
13412,2
13413,1
13414,0
13415,1
13416,1
13417,4
13418,2
13419,0
13420,4
13421,2
13422,3
13423,4
13424,0
13425,2
13426,3
13427,1
13428,2
13429,2
13430,4
13431,4
13432,1
13433,0
13434,0
13435,1
13436,4
13437,4
13438,3
13439,0
13440,4
13441,4
13442,1
13443,1
13444,2
13445,4
13446,4
13447,4
13448,1
13449,3
13450,2
13451,4
13452,0
13453,2
13454,4
13455,2
13456,0
13457,3
13458,2
13459,1
13460,1
13461,4
13462,1
13463,3
13464,3
13465,3
13466,4
13467,4
13468,4
13469,4
13470,3
13471,1
13472,3
13473,0
13474,1
13475,2
13476,3
13477,0
13478,1
13479,1
13480,4
13481,1
13482,1
13483,2
13484,4
13485,3
13486,1
13487,0
13488,3
13489,1
13490,1
13491,4
13492,2
13493,3
13494,1
13495,3
13496,0
13497,4
13498,2
13499,0
13500,4
13501,0
13502,3
13503,4
13504,0
13505,4
13506,4
13507,2
13508,1
13509,2
13510,0
13511,3
13512,2
13513,0
13514,0
13515,3
13516,2
13517,2
13518,0
13519,2
13520,4
13521,4
13522,1
13523,3
13524,3
13525,4
13526,0
13527,0
13528,1
13529,3
13530,1
13531,0
13532,1
13533,4
13534,1
13535,0
13536,4
13537,0
13538,1
13539,4
13540,4
13541,0
13542,0
13543,1
13544,1
13545,0
13546,0
13547,2
13548,0
13549,3
13550,3
13551,2
13552,3
13553,2
13554,0
13555,0
13556,2
13557,0
13558,0
13559,2
13560,1
13561,0
13562,4
13563,1
13564,2
13565,3
13566,1
13567,4
13568,1
13569,3
13570,2
13571,2
13572,2
13573,2
13574,1
13575,4
13576,4
13577,2
13578,1
13579,3
13580,2
13581,0
13582,4
13583,2
13584,0
13585,1
13586,3
13587,2
13588,1
13589,2
13590,2
13591,1
13592,4
13593,3
13594,3
13595,1
13596,3
13597,2
13598,2
13599,4
13600,4
13601,0
13602,3
13603,0
13604,3
13605,1
13606,1
13607,2
13608,4
13609,4
13610,1
13611,3
13612,1
13613,1
13614,3
13615,3
13616,3
13617,1
13618,2
13619,2
13620,4
13621,2
13622,3
13623,0
13624,4
13625,0
13626,0
13627,0
13628,1
13629,2
13630,4
13631,0
13632,2
13633,2
13634,4
13635,3
13636,2
13637,4
13638,4
13639,4
13640,1
13641,0
13642,1
13643,1
13644,2
13645,0
13646,1
13647,2
13648,1
13649,3
13650,4
13651,3
13652,3
13653,3
13654,2
13655,0
13656,0
13657,2
13658,1
13659,0
13660,2
13661,3
13662,4
13663,4
13664,1
13665,3
13666,4
13667,1
13668,4
13669,3
13670,0
13671,2
13672,1
13673,1
13674,0
13675,4
13676,0
13677,4
13678,4
13679,4
13680,4
13681,4
13682,0
13683,2
13684,3
13685,2
13686,3
13687,0
13688,2
13689,1
13690,0
13691,3
13692,3
13693,4
13694,2
13695,1
13696,4
13697,2
13698,4
13699,1
13700,2
13701,0
13702,3
13703,1
13704,4
13705,2
13706,2
13707,2
13708,3
13709,3
13710,2
13711,4
13712,0
13713,1
13714,4
13715,4
13716,2
13717,0
13718,0
13719,0
13720,0
13721,4
13722,4
13723,3
13724,4
13725,1
13726,2
13727,4
13728,3
13729,1
13730,2
13731,0
13732,1
13733,3
13734,4
13735,4
13736,1
13737,2
13738,1
13739,0
13740,4
13741,3
13742,1
13743,1
13744,2
13745,1
13746,4
13747,0
13748,3
13749,2
13750,3
13751,2
13752,0
13753,4
13754,3
13755,2
13756,2
13757,4
13758,1
13759,1
13760,0
13761,4
13762,1
13763,1
13764,3
13765,3
13766,2
13767,2
13768,2
13769,1
13770,2
13771,2
13772,3
13773,0
13774,2
13775,1
13776,0
13777,0
13778,1
13779,0
13780,2
13781,3
13782,2
13783,2
13784,0
13785,3
13786,3
13787,2
13788,1
13789,3
13790,0
13791,2
13792,0
13793,2
13794,3
13795,2
13796,2
13797,1
13798,4
13799,2
13800,1
13801,2
13802,0
13803,4
13804,4
13805,4
13806,2
13807,0
13808,4
13809,1
13810,3
13811,2
13812,2
13813,4
13814,0
13815,1
13816,2
13817,0
13818,0
13819,2
13820,3
13821,3
13822,1
13823,1
13824,1
13825,4
13826,4
13827,2
13828,4
13829,0
13830,2
13831,0
13832,2
13833,0
13834,1
13835,0
13836,3
13837,0
13838,1
13839,3
13840,1
13841,4
13842,4
13843,0
13844,4
13845,1
13846,1
13847,4
13848,3
13849,4
13850,1
13851,1
13852,3
13853,3
13854,4
13855,4
13856,0
13857,1
13858,4
13859,2
13860,4
13861,0
13862,1
13863,0
13864,1
13865,0
13866,0
13867,4
13868,2
13869,4
13870,3
13871,4
13872,4
13873,1
13874,4
13875,4
13876,2
13877,1
13878,0
13879,3
13880,2
13881,0
13882,4
13883,4
13884,4
13885,0
13886,1
13887,1
13888,0
13889,3
13890,0
13891,0
13892,0
13893,2
13894,0
13895,2
13896,4
13897,1
13898,1
13899,2
13900,0
13901,2
13902,1
13903,0
13904,3
13905,4
13906,3
13907,2
13908,0
13909,4
13910,0
13911,2
13912,3
13913,2
13914,0
13915,1
13916,2
13917,2
13918,2
13919,3
13920,1
13921,0
13922,0
13923,1
13924,4
13925,1
13926,0
13927,3
13928,1
13929,2
13930,3
13931,2
13932,3
13933,2
13934,2
13935,4
13936,4
13937,4
13938,3
13939,0
13940,0
13941,2
13942,4
13943,1
13944,4
13945,0
13946,4
13947,4
13948,4
13949,4
13950,4
13951,1
13952,1
13953,0
13954,3
13955,2
13956,1
13957,2
13958,4
13959,1
13960,2
13961,2
13962,1
13963,2
13964,2
13965,4
13966,1
13967,1
13968,4
13969,3
13970,2
13971,3
13972,1
13973,1
13974,4
13975,1
13976,2
13977,0
13978,1
13979,4
13980,1
13981,1
13982,4
13983,2
13984,1
13985,1
13986,0
13987,2
13988,3
13989,3
13990,1
13991,1
13992,2
13993,1
13994,4
13995,2
13996,2
13997,3
13998,0
13999,4
14000,1
14001,4
14002,3
14003,0
14004,0
14005,0
14006,4
14007,4
14008,4
14009,3
14010,0
14011,3
14012,1
14013,4
14014,3
14015,3
14016,3
14017,3
14018,0
14019,4
14020,3
14021,0
14022,1
14023,3
14024,3
14025,1
14026,3
14027,4
14028,0
14029,3
14030,3
14031,4
14032,2
14033,1
14034,4
14035,2
14036,0
14037,2
14038,2
14039,0
14040,4
14041,2
14042,1
14043,1
14044,4
14045,3
14046,1
14047,0
14048,0
14049,1
14050,3
14051,4
14052,0
14053,4
14054,2
14055,0
14056,4
14057,3
14058,2
14059,2
14060,4
14061,3
14062,4
14063,4
14064,3
14065,0
14066,2
14067,2
14068,2
14069,1
14070,3
14071,0
14072,2
14073,2
14074,2
14075,0
14076,0
14077,1
14078,4
14079,2
14080,0
14081,2
14082,4
14083,3
14084,4
14085,4
14086,0
14087,2
14088,1
14089,0
14090,3
14091,1
14092,2
14093,3
14094,1
14095,0
14096,0
14097,1
14098,0
14099,0
14100,4
14101,1
14102,0
14103,2
14104,0
14105,4
14106,3
14107,1
14108,1
14109,0
14110,0
14111,0
14112,4
14113,0
14114,0
14115,4
14116,1
14117,2
14118,2
14119,3
14120,3
14121,2
14122,0
14123,4
14124,1
14125,3
14126,0
14127,0
14128,0
14129,1
14130,3
14131,4
14132,0
14133,3
14134,3
14135,2
14136,2
14137,2
14138,0
14139,4
14140,4
14141,0
14142,4
14143,0
14144,2
14145,0
14146,0
14147,3
14148,4
14149,4
14150,4
14151,4
14152,1
14153,4
14154,4
14155,3
14156,1
14157,3
14158,2
14159,0
14160,4
14161,2
14162,0
14163,4
14164,3
14165,1
14166,0
14167,2
14168,4
14169,4
14170,4
14171,4
14172,2
14173,1
14174,1
14175,0
14176,4
14177,1
14178,0
14179,4
14180,2
14181,3
14182,0
14183,4
14184,1
14185,0
14186,2
14187,2
14188,2
14189,2
14190,4
14191,2
14192,1
14193,2
14194,1
14195,3
14196,2
14197,0
14198,4
14199,4
14200,1
14201,0
14202,3
14203,4
14204,0
14205,3
14206,0
14207,1
14208,1
14209,0
14210,4
14211,3
14212,3
14213,4
14214,4
14215,3
14216,1
14217,3
14218,4
14219,2
14220,4
14221,2
14222,1
14223,1
14224,3
14225,2
14226,4
14227,4
14228,2
14229,0
14230,0
14231,2
14232,4
14233,2
14234,1
14235,3
14236,2
14237,2
14238,1
14239,4
14240,0
14241,1
14242,2
14243,0
14244,4
14245,4
14246,4
14247,4
14248,4
14249,0
14250,0
14251,2
14252,4
14253,3
14254,2
14255,0
14256,0
14257,2
14258,1
14259,4
14260,1
14261,0
14262,2
14263,0
14264,2
14265,2
14266,3
14267,0
14268,3
14269,4
14270,4
14271,4
14272,3
14273,0
14274,3
14275,2
14276,4
14277,2
14278,0
14279,0
14280,0
14281,0
14282,3
14283,0
14284,4
14285,4
14286,0
14287,0
14288,1
14289,3
14290,2
14291,3
14292,1
14293,3
14294,4
14295,2
14296,4
14297,4
14298,3
14299,3
14300,0
14301,3
14302,2
14303,3
14304,3
14305,3
14306,3
14307,2
14308,1
14309,2
14310,3
14311,4
14312,0
14313,2
14314,1
14315,2
14316,2
14317,0
14318,1
14319,3
14320,3
14321,0
14322,2
14323,4
14324,3
14325,2
14326,4
14327,0
14328,1
14329,1
14330,3
14331,4
14332,4
14333,1
14334,1
14335,4
14336,0
14337,3
14338,1
14339,2
14340,2
14341,3
14342,1
14343,1
14344,0
14345,3
14346,1
14347,1
14348,3
14349,2
14350,0
14351,3
14352,0
14353,0
14354,3
14355,3
14356,0
14357,2
14358,3
14359,2
14360,2
14361,4
14362,4
14363,4
14364,2
14365,1
14366,4
14367,3
14368,3
14369,0
14370,3
14371,1
14372,2
14373,0
14374,1
14375,3
14376,4
14377,0
14378,0
14379,2
14380,0
14381,3
14382,4
14383,4
14384,0
14385,1
14386,4
14387,0
14388,2
14389,0
14390,3
14391,0
14392,0
14393,0
14394,0
14395,0
14396,1
14397,1
14398,0
14399,2
14400,3
14401,2
14402,1
14403,0
14404,4
14405,3
14406,2
14407,1
14408,1
14409,4
14410,1
14411,1
14412,1
14413,4
14414,0
14415,3
14416,0
14417,4
14418,2
14419,1
14420,3
14421,1
14422,0
14423,1
14424,3
14425,2
14426,2
14427,4
14428,4
14429,4
14430,1
14431,2
14432,2
14433,3
14434,4
14435,2
14436,1
14437,1
14438,4
14439,0
14440,1
14441,3
14442,0
14443,4
14444,4
14445,0
14446,0
14447,3
14448,3
14449,3
14450,1
14451,1
14452,0
14453,3
14454,0
14455,0
14456,3
14457,1
14458,1
14459,3
14460,2
14461,0
14462,2
14463,0
14464,4
14465,3
14466,2
14467,3
14468,2
14469,2
14470,1
14471,0
14472,4
14473,1
14474,1
14475,2
14476,1
14477,4
14478,0
14479,4
14480,4
14481,0
14482,0
14483,4
14484,2
14485,4
14486,3
14487,0
14488,1
14489,2
14490,4
14491,1
14492,2
14493,4
14494,0
14495,3
14496,4
14497,2
14498,0
14499,4
14500,3
14501,3
14502,1
14503,1
14504,1
14505,0
14506,2
14507,1
14508,0
14509,0
14510,2
14511,0
14512,3
14513,4
14514,0
14515,0
14516,1
14517,4
14518,0
14519,4
14520,2
14521,4
14522,4
14523,2
14524,0
14525,4
14526,2
14527,3
14528,2
14529,2
14530,3
14531,2
14532,2
14533,0
14534,3
14535,4
14536,3
14537,0
14538,4
14539,1
14540,4
14541,1
14542,0
14543,4
14544,4
14545,3
14546,3
14547,3
14548,1
14549,2
14550,1
14551,0
14552,1
14553,4
14554,4
14555,4
14556,4
14557,3
14558,1
14559,0
14560,3
14561,1
14562,4
14563,4
14564,0
14565,4
14566,2
14567,3
14568,0
14569,4
14570,3
14571,3
14572,4
14573,4
14574,2
14575,0
14576,0
14577,3
14578,2
14579,2
14580,2
14581,2
14582,4
14583,0
14584,4
14585,4
14586,3
14587,1
14588,3
14589,3
14590,3
14591,3
14592,4
14593,4
14594,4
14595,3
14596,2
14597,4
14598,1
14599,1
14600,0
14601,3
14602,4
14603,4
14604,2
14605,3
14606,1
14607,4
14608,1
14609,1
14610,0
14611,0
14612,3
14613,4
14614,4
14615,1
14616,0
14617,1
14618,2
14619,3
14620,3
14621,2
14622,1
14623,2
14624,4
14625,2
14626,0
14627,4
14628,4
14629,3
14630,2
14631,1
14632,2
14633,1
14634,1
14635,4
14636,4
14637,4
14638,1
14639,1
14640,1
14641,3
14642,4
14643,4
14644,0
14645,0
14646,0
14647,2
14648,0
14649,3
14650,2
14651,3
14652,3
14653,0
14654,2
14655,1
14656,1
14657,4
14658,1
14659,0
14660,1
14661,2
14662,2
14663,4
14664,1
14665,3
14666,0
14667,4
14668,4
14669,1
14670,0
14671,4
14672,1
14673,4
14674,2
14675,3
14676,4
14677,3
14678,1
14679,1
14680,0
14681,4
14682,2
14683,4
14684,3
14685,4
14686,2
14687,0
14688,3
14689,4
14690,2
14691,4
14692,3
14693,1
14694,4
14695,2
14696,4
14697,4
14698,3
14699,2
14700,2
14701,4
14702,1
14703,4
14704,2
14705,1
14706,0
14707,3
14708,4
14709,3
14710,3
14711,2
14712,0
14713,0
14714,4
14715,4
14716,2
14717,4
14718,0
14719,3
14720,2
14721,3
14722,0
14723,1
14724,2
14725,0
14726,0
14727,4
14728,1
14729,1
14730,0
14731,0
14732,4
14733,0
14734,0
14735,4
14736,1
14737,3
14738,3
14739,2
14740,0
14741,0
14742,4
14743,2
14744,0
14745,1
14746,3
14747,0
14748,2
14749,3
14750,2
14751,4
14752,3
14753,1
14754,3
14755,3
14756,1
14757,2
14758,0
14759,2
14760,0
14761,3
14762,2
14763,3
14764,0
14765,0
14766,0
14767,0
14768,0
14769,2
14770,3
14771,2
14772,2
14773,0
14774,0
14775,0
14776,0
14777,4
14778,4
14779,1
14780,4
14781,0
14782,1
14783,3
14784,0
14785,4
14786,0
14787,2
14788,4
14789,2
14790,0
14791,0
14792,3
14793,2
14794,2
14795,1
14796,3
14797,1
14798,4
14799,4
14800,0
14801,1
14802,1
14803,2
14804,1
14805,0
14806,2
14807,2
14808,3
14809,1
14810,0
14811,1
14812,3
14813,2
14814,4
14815,3
14816,1
14817,3
14818,1
14819,1
14820,2
14821,0
14822,3
14823,3
14824,0
14825,1
14826,3
14827,0
14828,0
14829,1
14830,1
14831,4
14832,1
14833,3
14834,1
14835,4
14836,4
14837,1
14838,2
14839,0
14840,1
14841,1
14842,4
14843,4
14844,4
14845,2
14846,4
14847,2
14848,2
14849,0
14850,3
14851,1
14852,1
14853,0
14854,0
14855,0
14856,1
14857,3
14858,1
14859,2
14860,2
14861,1
14862,2
14863,1
14864,2
14865,2
14866,0
14867,0
14868,4
14869,3
14870,3
14871,3
14872,0
14873,0
14874,1
14875,0
14876,4
14877,4
14878,0
14879,0
14880,1
14881,3
14882,0
14883,0
14884,0
14885,4
14886,0
14887,4
14888,1
14889,0
14890,3
14891,1
14892,3
14893,2
14894,4
14895,4
14896,4
14897,2
14898,3
14899,4
14900,2
14901,0
14902,3
14903,4
14904,2
14905,0
14906,4
14907,4
14908,2
14909,4
14910,0
14911,2
14912,2
14913,1
14914,2
14915,3
14916,3
14917,3
14918,1
14919,2
14920,0
14921,0
14922,1
14923,1
14924,0
14925,4
14926,3
14927,0
14928,3
14929,1
14930,1
14931,1
14932,1
14933,3
14934,1
14935,1
14936,0
14937,1
14938,3
14939,3
14940,0
14941,4
14942,0
14943,4
14944,4
14945,3
14946,0
14947,0
14948,1
14949,2
14950,0
14951,3
14952,2
14953,2
14954,2
14955,3
14956,1
14957,3
14958,2
14959,3
14960,4
14961,3
14962,4
14963,2
14964,1
14965,2
14966,1
14967,1
14968,4
14969,2
14970,4
14971,2
14972,1
14973,0
14974,2
14975,4
14976,0
14977,4
14978,0
14979,4
14980,3
14981,3
14982,0
14983,3
14984,3
14985,4
14986,4
14987,3
14988,4
14989,4
14990,0
14991,0
14992,0
14993,3
14994,2
14995,3
14996,0
14997,3
14998,3
14999,4
15000,3
15001,2
15002,3
15003,1
15004,2
15005,4
15006,3
15007,4
15008,0
15009,2
15010,4
15011,0
15012,1
15013,0
15014,3
15015,1
15016,2
15017,1
15018,2
15019,4
15020,1
15021,0
15022,2
15023,1
15024,3
15025,3
15026,2
15027,1
15028,0
15029,1
15030,4
15031,2
15032,2
15033,0
15034,2
15035,3
15036,3
15037,2
15038,1
15039,4
15040,4
15041,1
15042,4
15043,0
15044,0
15045,2
15046,1
15047,1
15048,4
15049,1
15050,2
15051,4
15052,1
15053,0
15054,2
15055,2
15056,1
15057,2
15058,2
15059,4
15060,3
15061,0
15062,0
15063,3
15064,2
15065,1
15066,0
15067,4
15068,1
15069,2
15070,4
15071,4
15072,4
15073,1
15074,1
15075,3
15076,3
15077,0
15078,2
15079,1
15080,4
15081,3
15082,1
15083,2
15084,4
15085,1
15086,1
15087,4
15088,0
15089,4
15090,4
15091,4
15092,0
15093,3
15094,2
15095,1
15096,0
15097,2
15098,2
15099,2
15100,2
15101,0
15102,4
15103,1
15104,4
15105,0
15106,1
15107,4
15108,4
15109,4
15110,2
15111,0
15112,3
15113,3
15114,4
15115,2
15116,2
15117,4
15118,0
15119,4
15120,4
15121,0
15122,3
15123,4
15124,4
15125,1
15126,3
15127,1
15128,0
15129,0
15130,0
15131,0
15132,4
15133,4
15134,4
15135,1
15136,3
15137,0
15138,3
15139,3
15140,0
15141,3
15142,4
15143,1
15144,2
15145,4
15146,0
15147,2
15148,1
15149,0
15150,0
15151,2
15152,4
15153,0
15154,4
15155,1
15156,0
15157,3
15158,0
15159,0
15160,2
15161,0
15162,2
15163,2
15164,1
15165,1
15166,2
15167,4
15168,1
15169,1
15170,0
15171,3
15172,2
15173,4
15174,2
15175,2
15176,3
15177,1
15178,0
15179,4
15180,4
15181,0
15182,0
15183,2
15184,4
15185,3
15186,4
15187,0
15188,1
15189,3
15190,1
15191,4
15192,3
15193,3
15194,3
15195,4
15196,2
15197,4
15198,4
15199,4
15200,0
15201,1
15202,0
15203,4
15204,0
15205,0
15206,3
15207,0
15208,1
15209,3
15210,4
15211,3
15212,3
15213,1
15214,3
15215,2
15216,0
15217,3
15218,1
15219,4
15220,2
15221,1
15222,1
15223,3
15224,3
15225,3
15226,1
15227,2
15228,3
15229,3
15230,1
15231,3
15232,0
15233,4
15234,0
15235,3
15236,2
15237,2
15238,2
15239,3
15240,1
15241,4
15242,3
15243,3
15244,1
15245,4
15246,0
15247,0
15248,0
15249,2
15250,1
15251,0
15252,3
15253,0
15254,3
15255,0
15256,2
15257,0
15258,0
15259,1
15260,2
15261,3
15262,0
15263,1
15264,1
15265,0
15266,3
15267,4
15268,3
15269,0
15270,1
15271,0
15272,2
15273,0
15274,4
15275,3
15276,4
15277,1
15278,3
15279,3
15280,0
15281,3
15282,2
15283,1
15284,0
15285,3
15286,3
15287,2
15288,0
15289,0
15290,0
15291,4
15292,3
15293,3
15294,0
15295,3
15296,4
15297,4
15298,4
15299,1
15300,3
15301,3
15302,4
15303,3
15304,2
15305,2
15306,4
15307,0
15308,2
15309,4
15310,3
15311,4
15312,3
15313,3
15314,4
15315,4
15316,1
15317,1
15318,1
15319,4
15320,0
15321,2
15322,4
15323,1
15324,1
15325,2
15326,3
15327,1
15328,1
15329,0
15330,0
15331,0
15332,4
15333,0
15334,2
15335,0
15336,2
15337,3
15338,2
15339,1
15340,2
15341,1
15342,0
15343,3
15344,3
15345,2
15346,3
15347,2
15348,3
15349,2
15350,1
15351,2
15352,4
15353,3
15354,1
15355,4
15356,3
15357,4
15358,4
15359,3
15360,0
15361,0
15362,3
15363,4
15364,2
15365,4
15366,3
15367,2
15368,0
15369,2
15370,1
15371,3
15372,0
15373,1
15374,1
15375,3
15376,3
15377,4
15378,2
15379,3
15380,0
15381,2
15382,0
15383,4
15384,1
15385,4
15386,2
15387,1
15388,4
15389,3
15390,1
15391,1
15392,1
15393,2
15394,4
15395,2
15396,2
15397,3
15398,3
15399,1
15400,3
15401,1
15402,4
15403,3
15404,4
15405,4
15406,3
15407,1
15408,1
15409,3
15410,4
15411,4
15412,2
15413,4
15414,4
15415,2
15416,2
15417,3
15418,0
15419,4
15420,0
15421,1
15422,3
15423,4
15424,2
15425,2
15426,4
15427,0
15428,1
15429,4
15430,0
15431,3
15432,3
15433,4
15434,2
15435,3
15436,2
15437,3
15438,0
15439,3
15440,3
15441,3
15442,1
15443,3
15444,1
15445,4
15446,1
15447,0
15448,3
15449,4
15450,2
15451,3
15452,2
15453,4
15454,0
15455,3
15456,0
15457,0
15458,0
15459,2
15460,3
15461,4
15462,3
15463,2
15464,0
15465,0
15466,0
15467,0
15468,0
15469,4
15470,2
15471,3
15472,3
15473,3
15474,4
15475,4
15476,1
15477,3
15478,4
15479,2
15480,2
15481,1
15482,4
15483,1
15484,0
15485,3
15486,3
15487,2
15488,4
15489,3
15490,0
15491,2
15492,4
15493,1
15494,4
15495,4
15496,1
15497,0
15498,1
15499,3
15500,1
15501,4
15502,3
15503,2
15504,2
15505,4
15506,4
15507,1
15508,1
15509,0
15510,1
15511,2
15512,3
15513,3
15514,2
15515,2
15516,0
15517,3
15518,2
15519,0
15520,3
15521,4
15522,2
15523,2
15524,1
15525,1
15526,4
15527,3
15528,4
15529,1
15530,3
15531,4
15532,4
15533,0
15534,2
15535,3
15536,3
15537,0
15538,0
15539,1
15540,3
15541,1
15542,2
15543,0
15544,4
15545,0
15546,2
15547,0
15548,1
15549,0
15550,0
15551,1
15552,0
15553,1
15554,4
15555,3
15556,0
15557,0
15558,0
15559,0
15560,4
15561,1
15562,1
15563,4
15564,2
15565,0
15566,2
15567,1
15568,3
15569,2
15570,1
15571,3
15572,3
15573,0
15574,4
15575,3
15576,3
15577,3
15578,0
15579,3
15580,2
15581,3
15582,1
15583,0
15584,2
15585,1
15586,1
15587,0
15588,1
15589,4
15590,0
15591,3
15592,3
15593,1
15594,0
15595,4
15596,4
15597,3
15598,1
15599,2
15600,0
15601,4
15602,2
15603,2
15604,2
15605,0
15606,0
15607,1
15608,0
15609,3
15610,3
15611,1
15612,4
15613,4
15614,1
15615,2
15616,1
15617,2
15618,0
15619,1
15620,1
15621,4
15622,2
15623,2
15624,0
15625,3
15626,4
15627,2
15628,1
15629,2
15630,3
15631,0
15632,4
15633,1
15634,4
15635,1
15636,2
15637,4
15638,3
15639,3
15640,4
15641,2
15642,1
15643,1
15644,3
15645,4
15646,0
15647,1
15648,0
15649,2
15650,1
15651,3
15652,1
15653,2
15654,1
15655,3
15656,3
15657,0
15658,3
15659,0
15660,1
15661,1
15662,3
15663,4
15664,0
15665,2
15666,1
15667,2
15668,2
15669,4
15670,4
15671,4
15672,1
15673,2
15674,2
15675,3
15676,0
15677,3
15678,4
15679,0
15680,1
15681,4
15682,1
15683,4
15684,4
15685,0
15686,4
15687,2
15688,4
15689,4
15690,4
15691,2
15692,0
15693,4
15694,2
15695,2
15696,2
15697,4
15698,4
15699,0
15700,0
15701,4
15702,0
15703,3
15704,1
15705,3
15706,0
15707,4
15708,1
15709,1
15710,0
15711,1
15712,4
15713,3
15714,1
15715,1
15716,4
15717,4
15718,1
15719,1
15720,1
15721,0
15722,0
15723,0
15724,2
15725,0
15726,2
15727,3
15728,4
15729,4
15730,2
15731,1
15732,2
15733,0
15734,4
15735,3
15736,3
15737,0
15738,3
15739,1
15740,4
15741,0
15742,4
15743,0
15744,2
15745,1
15746,2
15747,1
15748,1
15749,2
15750,1
15751,2
15752,1
15753,2
15754,2
15755,3
15756,2
15757,4
15758,2
15759,2
15760,4
15761,0
15762,2
15763,3
15764,1
15765,1
15766,3
15767,1
15768,3
15769,3
15770,0
15771,1
15772,1
15773,3
15774,1
15775,3
15776,3
15777,2
15778,1
15779,3
15780,4
15781,2
15782,4
15783,1
15784,4
15785,4
15786,3
15787,2
15788,0
15789,2
15790,3
15791,0
15792,4
15793,1
15794,3
15795,0
15796,0
15797,3
15798,0
15799,2
15800,4
15801,4
15802,0
15803,0
15804,3
15805,1
15806,0
15807,4
15808,4
15809,0
15810,0
15811,4
15812,1
15813,4
15814,3
15815,3
15816,4
15817,3
15818,1
15819,3
15820,1
15821,1
15822,1
15823,1
15824,2
15825,4
15826,3
15827,4
15828,0
15829,1
15830,3
15831,3
15832,3
15833,1
15834,0
15835,4
15836,4
15837,4
15838,0
15839,2
15840,3
15841,3
15842,1
15843,0
15844,1
15845,3
15846,2
15847,4
15848,0
15849,0
15850,2
15851,1
15852,3
15853,3
15854,2
15855,1
15856,3
15857,4
15858,2
15859,2
15860,0
15861,3
15862,1
15863,2
15864,1
15865,4
15866,1
15867,3
15868,2
15869,1
15870,4
15871,3
15872,4
15873,1
15874,2
15875,0
15876,3
15877,1
15878,2
15879,3
15880,1
15881,0
15882,4
15883,1
15884,2
15885,0
15886,1
15887,2
15888,0
15889,1
15890,4
15891,4
15892,3
15893,2
15894,0
15895,1
15896,3
15897,1
15898,4
15899,0
15900,4
15901,3
15902,2
15903,3
15904,4
15905,1
15906,0
15907,4
15908,4
15909,1
15910,1
15911,3
15912,3
15913,0
15914,4
15915,0
15916,2
15917,1
15918,1
15919,0
15920,1
15921,0
15922,3
15923,2
15924,3
15925,3
15926,0
15927,0
15928,0
15929,2
15930,4
15931,4
15932,4
15933,3
15934,1
15935,4
15936,3
15937,3
15938,3
15939,1
15940,2
15941,1
15942,1
15943,1
15944,4
15945,0
15946,2
15947,1
15948,3
15949,2
15950,4
15951,0
15952,2
15953,3
15954,3
15955,4
15956,4
15957,3
15958,3
15959,2
15960,2
15961,2
15962,3
15963,2
15964,3
15965,2
15966,3
15967,2
15968,3
15969,2
15970,3
15971,0
15972,4
15973,2
15974,3
15975,0
15976,4
15977,3
15978,2
15979,4
15980,3
15981,0
15982,0
15983,1
15984,1
15985,2
15986,1
15987,3
15988,2
15989,3
15990,3
15991,3
15992,4
15993,1
15994,4
15995,3
15996,3
15997,3
15998,4
15999,0
16000,0
16001,1
16002,4
16003,2
16004,4
16005,3
16006,2
16007,3
16008,4
16009,3
16010,1
16011,0
16012,1
16013,3
16014,3
16015,1
16016,1
16017,1
16018,4
16019,4
16020,0
16021,2
16022,3
16023,2
16024,4
16025,0
16026,3
16027,0
16028,1
16029,3
16030,0
16031,3
16032,3
16033,0
16034,2
16035,4
16036,3
16037,0
16038,0
16039,2
16040,1
16041,3
16042,1
16043,4
16044,1
16045,4
16046,3
16047,0
16048,0
16049,3
16050,0
16051,2
16052,3
16053,2
16054,3
16055,3
16056,2
16057,3
16058,2
16059,4
16060,0
16061,0
16062,0
16063,2
16064,3
16065,1
16066,4
16067,2
16068,3
16069,3
16070,3
16071,2
16072,3
16073,2
16074,2
16075,1
16076,2
16077,0
16078,0
16079,4
16080,2
16081,2
16082,0
16083,0
16084,2
16085,4
16086,3
16087,2
16088,0
16089,3
16090,2
16091,2
16092,0
16093,3
16094,2
16095,1
16096,2
16097,3
16098,3
16099,0
16100,4
16101,2
16102,2
16103,0
16104,2
16105,2
16106,3
16107,1
16108,1
16109,4
16110,1
16111,0
16112,3
16113,0
16114,0
16115,1
16116,0
16117,1
16118,4
16119,2
16120,0
16121,4
16122,3
16123,1
16124,4
16125,3
16126,2
16127,4
16128,2
16129,3
16130,1
16131,0
16132,2
16133,2
16134,3
16135,1
16136,0
16137,2
16138,3
16139,0
16140,3
16141,0
16142,2
16143,1
16144,0
16145,1
16146,1
16147,3
16148,2
16149,2
16150,4
16151,2
16152,0
16153,0
16154,2
16155,4
16156,3
16157,1
16158,3
16159,2
16160,0
16161,2
16162,0
16163,2
16164,2
16165,2
16166,3
16167,1
16168,4
16169,4
16170,2
16171,3
16172,3
16173,1
16174,3
16175,2
16176,4
16177,0
16178,2
16179,2
16180,1
16181,4
16182,0
16183,4
16184,2
16185,4
16186,2
16187,3
16188,2
16189,0
16190,1
16191,2
16192,0
16193,4
16194,3
16195,4
16196,4
16197,2
16198,3
16199,3
16200,4
16201,4
16202,2
16203,1
16204,4
16205,2
16206,0
16207,3
16208,3
16209,4
16210,4
16211,1
16212,3
16213,1
16214,4
16215,1
16216,2
16217,4
16218,1
16219,1
16220,3
16221,0
16222,3
16223,4
16224,1
16225,1
16226,0
16227,1
16228,2
16229,4
16230,4
16231,3
16232,1
16233,1
16234,0
16235,4
16236,1
16237,2
16238,4
16239,4
16240,2
16241,2
16242,0
16243,4
16244,0
16245,2
16246,0
16247,0
16248,3
16249,4
16250,2
16251,1
16252,3
16253,1
16254,4
16255,4
16256,3
16257,2
16258,3
16259,2
16260,3
16261,1
16262,4
16263,0
16264,1
16265,2
16266,0
16267,0
16268,3
16269,4
16270,0
16271,4
16272,0
16273,2
16274,1
16275,3
16276,2
16277,4
16278,4
16279,0
16280,2
16281,2
16282,4
16283,0
16284,3
16285,2
16286,2
16287,2
16288,4
16289,2
16290,3
16291,2
16292,2
16293,4
16294,0
16295,4
16296,2
16297,4
16298,1
16299,2
16300,3
16301,0
16302,1
16303,4
16304,3
16305,4
16306,3
16307,1
16308,2
16309,4
16310,3
16311,1
16312,1
16313,4
16314,0
16315,4
16316,1
16317,1
16318,0
16319,3
16320,2
16321,1
16322,3
16323,1
16324,4
16325,1
16326,3
16327,0
16328,1
16329,1
16330,4
16331,2
16332,4
16333,2
16334,2
16335,4
16336,3
16337,0
16338,2
16339,0
16340,2
16341,0
16342,3
16343,2
16344,0
16345,3
16346,0
16347,4
16348,0
16349,0
16350,0
16351,1
16352,3
16353,4
16354,3
16355,1
16356,2
16357,1
16358,3
16359,2
16360,1
16361,4
16362,4
16363,4
16364,0
16365,2
16366,1
16367,4
16368,4
16369,4
16370,0
16371,3
16372,2
16373,0
16374,2
16375,2
16376,0
16377,1
16378,1
16379,0
16380,4
16381,3
16382,3
16383,4
16384,4
16385,3
16386,4
16387,3
16388,0
16389,4
16390,1
16391,3
16392,4
16393,3
16394,1
16395,0
16396,1
16397,4
16398,1
16399,3
16400,0
16401,2
16402,3
16403,0
16404,1
16405,4
16406,2
16407,1
16408,1
16409,4
16410,4
16411,2
16412,2
16413,2
16414,3
16415,2
16416,4
16417,3
16418,2
16419,4
16420,0
16421,4
16422,3
16423,3
16424,0
16425,2
16426,2
16427,4
16428,2
16429,2
16430,0
16431,3
16432,3
16433,3
16434,4
16435,3
16436,4
16437,2
16438,4
16439,0
16440,0
16441,1
16442,1
16443,0
16444,4
16445,0
16446,2
16447,2
16448,0
16449,2
16450,0
16451,1
16452,0
16453,1
16454,4
16455,1
16456,4
16457,2
16458,0
16459,0
16460,4
16461,2
16462,4
16463,4
16464,4
16465,1
16466,4
16467,2
16468,3
16469,4
16470,3
16471,3
16472,1
16473,3
16474,4
16475,0
16476,1
16477,2
16478,0
16479,2
16480,3
16481,4
16482,4
16483,1
16484,3
16485,3
16486,3
16487,0
16488,2
16489,0
16490,2
16491,4
16492,0
16493,0
16494,2
16495,2
16496,3
16497,0
16498,3
16499,4
16500,1
16501,1
16502,2
16503,3
16504,3
16505,3
16506,1
16507,2
16508,0
16509,2
16510,2
16511,3
16512,0
16513,0
16514,4
16515,1
16516,3
16517,4
16518,0
16519,1
16520,3
16521,3
16522,1
16523,2
16524,3
16525,2
16526,4
16527,1
16528,0
16529,1
16530,4
16531,3
16532,3
16533,4
16534,0
16535,1
16536,3
16537,1
16538,2
16539,4
16540,0
16541,3
16542,4
16543,2
16544,4
16545,0
16546,3
16547,3
16548,4
16549,3
16550,2
16551,0
16552,4
16553,2
16554,3
16555,1
16556,2
16557,4
16558,1
16559,3
16560,4
16561,4
16562,3
16563,0
16564,3
16565,3
16566,3
16567,4
16568,2
16569,1
16570,4
16571,1
16572,4
16573,0
16574,2
16575,3
16576,2
16577,3
16578,0
16579,0
16580,0
16581,2
16582,2
16583,2
16584,2
16585,3
16586,2
16587,3
16588,0
16589,2
16590,2
16591,4
16592,4
16593,4
16594,1
16595,4
16596,3
16597,3
16598,4
16599,2
16600,0
16601,3
16602,3
16603,0
16604,3
16605,1
16606,2
16607,4
16608,1
16609,3
16610,2
16611,2
16612,4
16613,3
16614,4
16615,1
16616,1
16617,0
16618,2
16619,2
16620,1
16621,2
16622,2
16623,1
16624,1
16625,2
16626,1
16627,1
16628,1
16629,4
16630,0
16631,0
16632,3
16633,2
16634,1
16635,2
16636,0
16637,4
16638,1
16639,3
16640,1
16641,3
16642,3
16643,1
16644,4
16645,1
16646,1
16647,3
16648,2
16649,1
16650,1
16651,4
16652,3
16653,4
16654,1
16655,3
16656,0
16657,2
16658,4
16659,4
16660,1
16661,0
16662,4
16663,4
16664,0
16665,1
16666,3
16667,4
16668,0
16669,2
16670,3
16671,1
16672,3
16673,4
16674,3
16675,0
16676,3
16677,4
16678,2
16679,1
16680,2
16681,1
16682,2
16683,3
16684,3
16685,1
16686,4
16687,1
16688,1
16689,0
16690,0
16691,3
16692,4
16693,4
16694,3
16695,4
16696,1
16697,3
16698,2
16699,2
16700,4
16701,2
16702,0
16703,2
16704,3
16705,4
16706,4
16707,1
16708,2
16709,1
16710,1
16711,0
16712,2
16713,2
16714,0
16715,3
16716,4
16717,2
16718,1
16719,1
16720,1
16721,3
16722,3
16723,0
16724,2
16725,4
16726,2
16727,4
16728,1
16729,0
16730,2
16731,3
16732,1
16733,0
16734,3
16735,4
16736,0
16737,3
16738,4
16739,1
16740,0
16741,0
16742,1
16743,4
16744,2
16745,1
16746,1
16747,4
16748,4
16749,2
16750,2
16751,0
16752,2
16753,4
16754,1
16755,4
16756,3
16757,1
16758,2
16759,2
16760,4
16761,0
16762,3
16763,0
16764,4
16765,0
16766,2
16767,4
16768,1
16769,0
16770,3
16771,1
16772,0
16773,1
16774,0
16775,1
16776,1
16777,0
16778,0
16779,3
16780,2
16781,0
16782,1
16783,1
16784,0
16785,1
16786,1
16787,1
16788,1
16789,4
16790,0
16791,1
16792,2
16793,4
16794,2
16795,0
16796,0
16797,0
16798,2
16799,1
16800,1
16801,2
16802,3
16803,4
16804,1
16805,1
16806,3
16807,2
16808,2
16809,1
16810,4
16811,3
16812,3
16813,3
16814,0
16815,0
16816,4
16817,3
16818,2
16819,3
16820,0
16821,1
16822,1
16823,4
16824,4
16825,3
16826,0
16827,4
16828,1
16829,3
16830,2
16831,2
16832,2
16833,3
16834,0
16835,4
16836,1
16837,0
16838,4
16839,0
16840,3
16841,4
16842,4
16843,2
16844,0
16845,3
16846,1
16847,3
16848,0
16849,0
16850,1
16851,4
16852,0
16853,4
16854,3
16855,2
16856,4
16857,0
16858,0
16859,4
16860,1
16861,3
16862,4
16863,3
16864,2
16865,4
16866,4
16867,1
16868,3
16869,4
16870,2
16871,2
16872,1
16873,0
16874,1
16875,4
16876,4
16877,1
16878,3
16879,0
16880,3
16881,0
16882,4
16883,0
16884,2
16885,1
16886,3
16887,0
16888,0
16889,4
16890,1
16891,0
16892,3
16893,2
16894,0
16895,3
16896,4
16897,4
16898,3
16899,4
16900,2
16901,2
16902,2
16903,4
16904,1
16905,1
16906,0
16907,2
16908,4
16909,1
16910,0
16911,2
16912,4
16913,3
16914,1
16915,0
16916,1
16917,2
16918,3
16919,3
16920,0
16921,0
16922,0
16923,3
16924,1
16925,0
16926,3
16927,3
16928,2
16929,2
16930,1
16931,3
16932,4
16933,2
16934,4
16935,1
16936,4
16937,4
16938,1
16939,4
16940,0
16941,3
16942,0
16943,4
16944,1
16945,1
16946,2
16947,2
16948,3
16949,1
16950,1
16951,0
16952,3
16953,2
16954,4
16955,2
16956,4
16957,2
16958,1
16959,4
16960,0
16961,1
16962,3
16963,4
16964,3
16965,4
16966,2
16967,3
16968,2
16969,2
16970,0
16971,1
16972,1
16973,3
16974,2
16975,3
16976,3
16977,3
16978,0
16979,3
16980,2
16981,2
16982,3
16983,1
16984,3
16985,4
16986,1
16987,2
16988,4
16989,3
16990,1
16991,1
16992,3
16993,1
16994,4
16995,0
16996,0
16997,3
16998,3
16999,0
17000,4
17001,2
17002,1
17003,0
17004,3
17005,0
17006,1
17007,0
17008,0
17009,4
17010,3
17011,2
17012,0
17013,0
17014,2
17015,0
17016,2
17017,3
17018,4
17019,0
17020,1
17021,3
17022,4
17023,2
17024,2
17025,4
17026,0
17027,0
17028,1
17029,4
17030,1
17031,4
17032,4
17033,3
17034,1
17035,1
17036,1
17037,3
17038,1
17039,4
17040,1
17041,1
17042,1
17043,1
17044,2
17045,0
17046,3
17047,4
17048,2
17049,2
17050,2
17051,2
17052,1
17053,0
17054,0
17055,3
17056,2
17057,2
17058,3
17059,4
17060,1
17061,3
17062,2
17063,1
17064,1
17065,1
17066,4
17067,1
17068,0
17069,0
17070,1
17071,2
17072,3
17073,3
17074,3
17075,1
17076,3
17077,2
17078,4
17079,1
17080,4
17081,2
17082,3
17083,1
17084,4
17085,0
17086,4
17087,1
17088,1
17089,3
17090,1
17091,2
17092,4
17093,4
17094,3
17095,3
17096,0
17097,1
17098,1
17099,3
17100,4
17101,4
17102,2
17103,0
17104,2
17105,0
17106,4
17107,1
17108,1
17109,2
17110,4
17111,3
17112,0
17113,0
17114,4
17115,4
17116,3
17117,1
17118,0
17119,0
17120,4
17121,2
17122,0
17123,3
17124,2
17125,0
17126,2
17127,4
17128,0
17129,3
17130,3
17131,3
17132,2
17133,0
17134,4
17135,4
17136,4
17137,2
17138,2
17139,1
17140,3
17141,3
17142,1
17143,0
17144,0
17145,2
17146,3
17147,4
17148,4
17149,3
17150,4
17151,4
17152,0
17153,1
17154,0
17155,0
17156,1
17157,1
17158,4
17159,1
17160,1
17161,3
17162,0
17163,2
17164,2
17165,1
17166,4
17167,1
17168,3
17169,1
17170,3
17171,4
17172,0
17173,4
17174,4
17175,4
17176,0
17177,4
17178,4
17179,1
17180,1
17181,3
17182,2
17183,2
17184,2
17185,1
17186,4
17187,1
17188,1
17189,3
17190,0
17191,0
17192,1
17193,4
17194,1
17195,0
17196,2
17197,3
17198,4
17199,2
17200,3
17201,3
17202,0
17203,2
17204,3
17205,0
17206,2
17207,1
17208,1
17209,0
17210,4
17211,3
17212,0
17213,1
17214,0
17215,4
17216,3
17217,2
17218,1
17219,4
17220,2
17221,0
17222,2
17223,4
17224,4
17225,4
17226,0
17227,4
17228,4
17229,0
17230,1
17231,0
17232,0
17233,3
17234,1
17235,2
17236,2
17237,0
17238,3
17239,0
17240,3
17241,3
17242,4
17243,4
17244,3
17245,0
17246,2
17247,2
17248,3
17249,1
17250,1
17251,0
17252,1
17253,0
17254,4
17255,1
17256,1
17257,0
17258,0
17259,2
17260,2
17261,1
17262,1
17263,1
17264,0
17265,0
17266,3
17267,0
17268,2
17269,0
17270,2
17271,2
17272,3
17273,3
17274,4
17275,1
17276,0
17277,1
17278,0
17279,1
17280,3
17281,2
17282,4
17283,3
17284,4
17285,0
17286,4
17287,4
17288,0
17289,2
17290,4
17291,1
17292,0
17293,2
17294,3
17295,0
17296,4
17297,1
17298,2
17299,2
17300,1
17301,0
17302,3
17303,0
17304,2
17305,2
17306,2
17307,4
17308,1
17309,4
17310,0
17311,2
17312,3
17313,0
17314,0
17315,0
17316,2
17317,3
17318,1
17319,0
17320,2
17321,0
17322,0
17323,1
17324,4
17325,2
17326,2
17327,1
17328,4
17329,4
17330,3
17331,1
17332,0
17333,3
17334,0
17335,1
17336,2
17337,2
17338,3
17339,1
17340,4
17341,3
17342,3
17343,1
17344,4
17345,4
17346,4
17347,2
17348,1
17349,1
17350,0
17351,1
17352,1
17353,4
17354,4
17355,4
17356,2
17357,2
17358,4
17359,2
17360,4
17361,2
17362,0
17363,4
17364,4
17365,2
17366,1
17367,2
17368,3
17369,0
17370,0
17371,1
17372,0
17373,0
17374,3
17375,2
17376,2
17377,0
17378,4
17379,2
17380,4
17381,0
17382,1
17383,0
17384,4
17385,0
17386,4
17387,0
17388,1
17389,4
17390,4
17391,2
17392,4
17393,4
17394,4
17395,1
17396,1
17397,0
17398,0
17399,2
17400,4
17401,0
17402,3
17403,0
17404,0
17405,0
17406,1
17407,0
17408,0
17409,3
17410,3
17411,3
17412,1
17413,0
17414,3
17415,2
17416,3
17417,3
17418,1
17419,0
17420,2
17421,0
17422,3
17423,3
17424,4
17425,4
17426,0
17427,3
17428,1
17429,3
17430,1
17431,1
17432,0
17433,3
17434,1
17435,4
17436,2
17437,4
17438,2
17439,4
17440,4
17441,3
17442,1
17443,4
17444,1
17445,2
17446,0
17447,0
17448,2
17449,3
17450,2
17451,2
17452,2
17453,4
17454,2
17455,4
17456,2
17457,4
17458,2
17459,2
17460,3
17461,1
17462,2
17463,1
17464,4
17465,4
17466,3
17467,4
17468,2
17469,4
17470,4
17471,4
17472,4
17473,4
17474,0
17475,2
17476,4
17477,0
17478,2
17479,1
17480,4
17481,0
17482,3
17483,0
17484,1
17485,1
17486,2
17487,1
17488,2
17489,3
17490,1
17491,2
17492,4
17493,1
17494,1
17495,3
17496,3
17497,4
17498,1
17499,1
17500,3
17501,2
17502,4
17503,1
17504,3
17505,4
17506,4
17507,1
17508,1
17509,2
17510,1
17511,0
17512,2
17513,2
17514,4
17515,0
17516,2
17517,0
17518,0
17519,2
17520,0
17521,0
17522,4
17523,3
17524,4
17525,0
17526,0
17527,3
17528,3
17529,1
17530,0
17531,0
17532,0
17533,1
17534,0
17535,1
17536,4
17537,3
17538,2
17539,4
17540,4
17541,4
17542,2
17543,3
17544,0
17545,3
17546,3
17547,2
17548,0
17549,0
17550,3
17551,3
17552,1
17553,3
17554,2
17555,4
17556,1
17557,2
17558,4
17559,4
17560,4
17561,4
17562,0
17563,1
17564,0
17565,2
17566,2
17567,4
17568,3
17569,3
17570,0
17571,3
17572,0
17573,1
17574,1
17575,1
17576,2
17577,4
17578,3
17579,2
17580,1
17581,2
17582,3
17583,3
17584,0
17585,4
17586,0
17587,1
17588,1
17589,2
17590,3
17591,3
17592,4
17593,4
17594,0
17595,4
17596,1
17597,2
17598,3
17599,4
17600,3
17601,0
17602,2
17603,1
17604,2
17605,0
17606,2
17607,1
17608,4
17609,1
17610,2
17611,3
17612,0
17613,4
17614,3
17615,4
17616,3
17617,1
17618,2
17619,4
17620,4
17621,2
17622,0
17623,1
17624,4
17625,3
17626,2
17627,2
17628,2
17629,0
17630,4
17631,4
17632,4
17633,4
17634,1
17635,0
17636,4
17637,0
17638,1
17639,3
17640,1
17641,0
17642,1
17643,1
17644,2
17645,4
17646,3
17647,3
17648,3
17649,2
17650,3
17651,3
17652,3
17653,3
17654,4
17655,2
17656,0
17657,2
17658,2
17659,0
17660,1
17661,2
17662,1
17663,1
17664,1
17665,0
17666,1
17667,3
17668,0
17669,0
17670,2
17671,1
17672,1
17673,0
17674,0
17675,4
17676,2
17677,3
17678,2
17679,3
17680,1
17681,0
17682,4
17683,3
17684,3
17685,3
17686,2
17687,3
17688,2
17689,3
17690,0
17691,3
17692,1
17693,3
17694,3
17695,2
17696,2
17697,4
17698,3
17699,0
17700,1
17701,4
17702,2
17703,2
17704,4
17705,0
17706,2
17707,3
17708,3
17709,3
17710,3
17711,3
17712,2
17713,2
17714,0
17715,0
17716,0
17717,3
17718,0
17719,1
17720,3
17721,4
17722,4
17723,1
17724,2
17725,1
17726,1
17727,3
17728,4
17729,3
17730,4
17731,2
17732,1
17733,1
17734,0
17735,4
17736,4
17737,4
17738,2
17739,3
17740,3
17741,0
17742,2
17743,3
17744,2
17745,2
17746,1
17747,4
17748,1
17749,3
17750,4
17751,4
17752,2
17753,2
17754,4
17755,0
17756,4
17757,1
17758,3
17759,2
17760,0
17761,4
17762,0
17763,0
17764,0
17765,2
17766,0
17767,3
17768,0
17769,1
17770,4
17771,3
17772,2
17773,4
17774,0
17775,2
17776,4
17777,4
17778,0
17779,0
17780,1
17781,1
17782,2
17783,1
17784,1
17785,3
17786,0
17787,0
17788,2
17789,0
17790,0
17791,1
17792,1
17793,4
17794,3
17795,3
17796,3
17797,0
17798,3
17799,1
17800,0
17801,2
17802,3
17803,3
17804,4
17805,0
17806,0
17807,4
17808,3
17809,3
17810,0
17811,4
17812,1
17813,0
17814,2
17815,2
17816,2
17817,2
17818,0
17819,2
17820,1
17821,2
17822,2
17823,1
17824,4
17825,2
17826,2
17827,2
17828,3
17829,3
17830,2
17831,4
17832,3
17833,1
17834,1
17835,2
17836,3
17837,4
17838,3
17839,4
17840,0
17841,2
17842,3
17843,0
17844,0
17845,4
17846,1
17847,4
17848,4
17849,2
17850,1
17851,1
17852,3
17853,0
17854,1
17855,2
17856,4
17857,3
17858,0
17859,2
17860,4
17861,2
17862,2
17863,3
17864,1
17865,2
17866,0
17867,0
17868,3
17869,0
17870,3
17871,4
17872,0
17873,0
17874,0
17875,0
17876,1
17877,1
17878,3
17879,4
17880,0
17881,2
17882,1
17883,4
17884,0
17885,3
17886,0
17887,3
17888,1
17889,4
17890,4
17891,3
17892,4
17893,4
17894,4
17895,1
17896,2
17897,1
17898,3
17899,4
17900,3
17901,3
17902,4
17903,4
17904,0
17905,3
17906,3
17907,1
17908,3
17909,0
17910,1
17911,0
17912,2
17913,1
17914,3
17915,0
17916,0
17917,3
17918,4
17919,0
17920,4
17921,0
17922,3
17923,4
17924,4
17925,1
17926,3
17927,0
17928,1
17929,4
17930,1
17931,3
17932,0
17933,0
17934,3
17935,1
17936,3
17937,4
17938,2
17939,4
17940,2
17941,4
17942,4
17943,3
17944,0
17945,1
17946,1
17947,4
17948,4
17949,1
17950,3
17951,0
17952,4
17953,4
17954,3
17955,0
17956,3
17957,0
17958,1
17959,0
17960,3
17961,4
17962,0
17963,0
17964,4
17965,1
17966,1
17967,0
17968,1
17969,0
17970,2
17971,2
17972,3
17973,0
17974,4
17975,4
17976,4
17977,4
17978,4
17979,1
17980,3
17981,2
17982,3
17983,2
17984,3
17985,2
17986,2
17987,2
17988,2
17989,4
17990,2
17991,0
17992,2
17993,4
17994,2
17995,3
17996,4
17997,3
17998,1
17999,4
18000,2
18001,1
18002,4
18003,0
18004,0
18005,3
18006,3
18007,2
18008,0
18009,3
18010,4
18011,3
18012,3
18013,4
18014,4
18015,0
18016,3
18017,2
18018,4
18019,3
18020,1
18021,2
18022,2
18023,1
18024,4
18025,3
18026,0
18027,4
18028,2
18029,1
18030,1
18031,2
18032,3
18033,2
18034,1
18035,2
18036,0
18037,4
18038,0
18039,4
18040,2
18041,3
18042,0
18043,2
18044,1
18045,4
18046,3
18047,1
18048,2
18049,1
18050,4
18051,4
18052,1
18053,4
18054,1
18055,4
18056,1
18057,2
18058,4
18059,3
18060,4
18061,0
18062,3
18063,3
18064,3
18065,1
18066,3
18067,3
18068,4
18069,0
18070,1
18071,0
18072,3
18073,1
18074,1
18075,0
18076,0
18077,4
18078,3
18079,2
18080,4
18081,1
18082,4
18083,4
18084,3
18085,4
18086,4
18087,1
18088,3
18089,0
18090,3
18091,3
18092,1
18093,4
18094,1
18095,0
18096,4
18097,3
18098,3
18099,4
18100,3
18101,0
18102,4
18103,3
18104,2
18105,2
18106,2
18107,3
18108,4
18109,3
18110,4
18111,0
18112,0
18113,4
18114,3
18115,1
18116,3
18117,1
18118,4
18119,3
18120,1
18121,2
18122,0
18123,0
18124,2
18125,3
18126,0
18127,1
18128,3
18129,4
18130,1
18131,2
18132,0
18133,4
18134,1
18135,4
18136,2
18137,4
18138,4
18139,1
18140,0
18141,3
18142,1
18143,1
18144,3
18145,4
18146,0
18147,2
18148,0
18149,0
18150,1
18151,1
18152,1
18153,4
18154,3
18155,3
18156,1
18157,1
18158,4
18159,3
18160,3
18161,0
18162,2
18163,3
18164,1
18165,3
18166,1
18167,4
18168,2
18169,3
18170,3
18171,1
18172,4
18173,4
18174,1
18175,2
18176,3
18177,4
18178,0
18179,3
18180,1
18181,4
18182,4
18183,1
18184,3
18185,1
18186,2
18187,3
18188,2
18189,1
18190,0
18191,4
18192,3
18193,1
18194,2
18195,2
18196,4
18197,0
18198,4
18199,0
18200,4
18201,4
18202,0
18203,4
18204,3
18205,1
18206,3
18207,4
18208,3
18209,4
18210,4
18211,0
18212,1
18213,4
18214,4
18215,4
18216,3
18217,1
18218,4
18219,4
18220,0
18221,4
18222,2
18223,4
18224,0
18225,2
18226,4
18227,1
18228,3
18229,2
18230,4
18231,0
18232,2
18233,2
18234,3
18235,1
18236,1
18237,1
18238,0
18239,3
18240,0
18241,3
18242,2
18243,3
18244,2
18245,0
18246,4
18247,1
18248,4
18249,1
18250,1
18251,1
18252,0
18253,1
18254,2
18255,0
18256,2
18257,3
18258,4
18259,2
18260,1
18261,2
18262,3
18263,2
18264,3
18265,4
18266,1
18267,1
18268,3
18269,1
18270,4
18271,2
18272,4
18273,3
18274,4
18275,3
18276,3
18277,1
18278,2
18279,4
18280,1
18281,3
18282,4
18283,4
18284,2
18285,2
18286,0
18287,3
18288,0
18289,1
18290,0
18291,1
18292,1
18293,4
18294,3
18295,4
18296,2
18297,0
18298,3
18299,3
18300,0
18301,1
18302,2
18303,2
18304,4
18305,4
18306,4
18307,2
18308,1
18309,1
18310,1
18311,1
18312,4
18313,4
18314,0
18315,2
18316,4
18317,2
18318,0
18319,1
18320,0
18321,2
18322,2
18323,4
18324,1
18325,3
18326,3
18327,2
18328,2
18329,1
18330,1
18331,2
18332,0
18333,3
18334,2
18335,2
18336,0
18337,0
18338,4
18339,3
18340,2
18341,4
18342,2
18343,0
18344,1
18345,0
18346,1
18347,4
18348,0
18349,3
18350,1
18351,4
18352,4
18353,0
18354,0
18355,2
18356,3
18357,4
18358,0
18359,1
18360,4
18361,3
18362,1
18363,2
18364,3
18365,2
18366,3
18367,2
18368,0
18369,2
18370,1
18371,2
18372,3
18373,4
18374,1
18375,2
18376,3
18377,2
18378,1
18379,3
18380,1
18381,4
18382,2
18383,2
18384,1
18385,3
18386,4
18387,3
18388,0
18389,0
18390,1
18391,1
18392,1
18393,3
18394,3
18395,0
18396,2
18397,1
18398,1
18399,2
18400,3
18401,4
18402,3
18403,2
18404,4
18405,0
18406,2
18407,0
18408,2
18409,1
18410,1
18411,3
18412,1
18413,4
18414,4
18415,4
18416,3
18417,4
18418,4
18419,3
18420,3
18421,2
18422,1
18423,2
18424,3
18425,0
18426,4
18427,3
18428,0
18429,1
18430,0
18431,0
18432,0
18433,3
18434,4
18435,1
18436,4
18437,4
18438,0
18439,3
18440,0
18441,1
18442,0
18443,1
18444,0
18445,1
18446,3
18447,2
18448,3
18449,0
18450,0
18451,2
18452,2
18453,2
18454,4
18455,1
18456,2
18457,1
18458,4
18459,0
18460,4
18461,4
18462,0
18463,0
18464,1
18465,0
18466,3
18467,2
18468,4
18469,0
18470,4
18471,2
18472,2
18473,3
18474,2
18475,1
18476,1
18477,1
18478,1
18479,4
18480,4
18481,4
18482,0
18483,2
18484,0
18485,0
18486,4
18487,0
18488,2
18489,0
18490,0
18491,3
18492,4
18493,1
18494,3
18495,0
18496,4
18497,2
18498,2
18499,1
18500,2
18501,4
18502,1
18503,2
18504,2
18505,0
18506,2
18507,1
18508,0
18509,1
18510,1
18511,2
18512,2
18513,3
18514,2
18515,0
18516,4
18517,4
18518,3
18519,4
18520,1
18521,2
18522,0
18523,4
18524,3
18525,0
18526,4
18527,0
18528,2
18529,3
18530,2
18531,0
18532,4
18533,4
18534,0
18535,4
18536,2
18537,3
18538,2
18539,1
18540,1
18541,1
18542,0
18543,1
18544,4
18545,4
18546,4
18547,1
18548,0
18549,2
18550,0
18551,3
18552,2
18553,1
18554,1
18555,2
18556,1
18557,2
18558,2
18559,0
18560,0
18561,4
18562,4
18563,4
18564,2
18565,0
18566,4
18567,0
18568,0
18569,2
18570,1
18571,0
18572,3
18573,3
18574,1
18575,3
18576,0
18577,1
18578,4
18579,0
18580,1
18581,0
18582,0
18583,1
18584,0
18585,1
18586,0
18587,1
18588,2
18589,1
18590,3
18591,1
18592,2
18593,0
18594,1
18595,1
18596,3
18597,4
18598,1
18599,1
18600,0
18601,4
18602,4
18603,2
18604,1
18605,1
18606,3
18607,4
18608,1
18609,0
18610,1
18611,0
18612,1
18613,4
18614,3
18615,1
18616,0
18617,3
18618,4
18619,3
18620,1
18621,3
18622,3
18623,1
18624,3
18625,3
18626,3
18627,1
18628,1
18629,4
18630,1
18631,4
18632,3
18633,3
18634,3
18635,4
18636,3
18637,0
18638,4
18639,4
18640,2
18641,4
18642,2
18643,1
18644,2
18645,3
18646,0
18647,4
18648,0
18649,4
18650,3
18651,4
18652,2
18653,4
18654,3
18655,4
18656,0
18657,0
18658,0
18659,0
18660,0
18661,3
18662,1
18663,4
18664,4
18665,0
18666,1
18667,4
18668,1
18669,0
18670,1
18671,4
18672,3
18673,1
18674,4
18675,1
18676,2
18677,1
18678,2
18679,0
18680,1
18681,4
18682,2
18683,1
18684,2
18685,2
18686,3
18687,1
18688,3
18689,3
18690,3
18691,3
18692,1
18693,2
18694,0
18695,4
18696,3
18697,1
18698,1
18699,2
18700,2
18701,3
18702,3
18703,0
18704,0
18705,1
18706,3
18707,0
18708,0
18709,1
18710,3
18711,4
18712,1
18713,2
18714,4
18715,3
18716,4
18717,1
18718,3
18719,0
18720,3
18721,4
18722,3
18723,4
18724,4
18725,3
18726,1
18727,1
18728,2
18729,2
18730,0
18731,2
18732,1
18733,4
18734,2
18735,1
18736,1
18737,2
18738,3
18739,3
18740,4
18741,4
18742,2
18743,2
18744,3
18745,3
18746,2
18747,0
18748,2
18749,1
18750,1
18751,2
18752,3
18753,1
18754,1
18755,0
18756,0
18757,2
18758,3
18759,3
18760,0
18761,4
18762,1
18763,1
18764,4
18765,4
18766,0
18767,0
18768,4
18769,2
18770,0
18771,4
18772,2
18773,3
18774,2
18775,4
18776,0
18777,4
18778,1
18779,0
18780,4
18781,0
18782,0
18783,3
18784,3
18785,3
18786,3
18787,1
18788,1
18789,3
18790,0
18791,3
18792,2
18793,1
18794,2
18795,0
18796,0
18797,2
18798,0
18799,4
18800,4
18801,2
18802,0
18803,4
18804,0
18805,4
18806,3
18807,4
18808,3
18809,2
18810,3
18811,1
18812,4
18813,0
18814,3
18815,0
18816,1
18817,0
18818,0
18819,2
18820,2
18821,1
18822,2
18823,3
18824,4
18825,0
18826,1
18827,4
18828,2
18829,1
18830,0
18831,1
18832,1
18833,3
18834,1
18835,1
18836,2
18837,0
18838,3
18839,3
18840,4
18841,0
18842,2
18843,1
18844,4
18845,3
18846,2
18847,3
18848,2
18849,2
18850,2
18851,2
18852,3
18853,1
18854,4
18855,2
18856,4
18857,1
18858,1
18859,0
18860,4
18861,4
18862,0
18863,4
18864,0
18865,4
18866,4
18867,1
18868,3
18869,1
18870,2
18871,1
18872,0
18873,3
18874,4
18875,1
18876,2
18877,3
18878,0
18879,4
18880,0
18881,3
18882,0
18883,3
18884,3
18885,4
18886,2
18887,1
18888,0
18889,2
18890,1
18891,1
18892,3
18893,2
18894,3
18895,0
18896,3
18897,4
18898,1
18899,1
18900,1
18901,2
18902,3
18903,3
18904,4
18905,2
18906,0
18907,4
18908,0
18909,3
18910,4
18911,3
18912,1
18913,0
18914,0
18915,3
18916,0
18917,4
18918,4
18919,0
18920,2
18921,2
18922,1
18923,3
18924,1
18925,2
18926,3
18927,1
18928,2
18929,4
18930,1
18931,1
18932,3
18933,0
18934,2
18935,3
18936,0
18937,0
18938,2
18939,1
18940,3
18941,1
18942,1
18943,3
18944,3
18945,0
18946,3
18947,1
18948,2
18949,2
18950,1
18951,0
18952,0
18953,4
18954,0
18955,0
18956,0
18957,4
18958,2
18959,2
18960,0
18961,1
18962,4
18963,4
18964,0
18965,2
18966,2
18967,3
18968,0
18969,2
18970,1
18971,3
18972,4
18973,0
18974,0
18975,4
18976,1
18977,0
18978,4
18979,0
18980,3
18981,2
18982,3
18983,3
18984,1
18985,3
18986,3
18987,3
18988,1
18989,2
18990,0
18991,4
18992,4
18993,1
18994,0
18995,1
18996,2
18997,3
18998,0
18999,2
19000,1
19001,3
19002,2
19003,4
19004,4
19005,1
19006,4
19007,2
19008,0
19009,0
19010,0
19011,2
19012,3
19013,1
19014,3
19015,4
19016,3
19017,2
19018,4
19019,2
19020,1
19021,2
19022,3
19023,4
19024,4
19025,2
19026,3
19027,4
19028,4
19029,4
19030,3
19031,1
19032,3
19033,2
19034,4
19035,2
19036,1
19037,4
19038,1
19039,4
19040,0
19041,0
19042,1
19043,3
19044,2
19045,3
19046,4
19047,1
19048,2
19049,4
19050,1
19051,1
19052,0
19053,0
19054,0
19055,3
19056,4
19057,2
19058,0
19059,4
19060,1
19061,4
19062,1
19063,1
19064,1
19065,3
19066,0
19067,4
19068,0
19069,3
19070,0
19071,4
19072,4
19073,4
19074,4
19075,0
19076,3
19077,4
19078,2
19079,1
19080,4
19081,3
19082,2
19083,1
19084,2
19085,1
19086,4
19087,3
19088,3
19089,0
19090,2
19091,1
19092,4
19093,0
19094,1
19095,1
19096,3
19097,4
19098,1
19099,3
19100,0
19101,1
19102,3
19103,1
19104,4
19105,0
19106,1
19107,2
19108,3
19109,3
19110,2
19111,0
19112,3
19113,1
19114,3
19115,1
19116,2
19117,2
19118,4
19119,2
19120,0
19121,1
19122,1
19123,4
19124,4
19125,0
19126,4
19127,0
19128,4
19129,2
19130,0
19131,1
19132,3
19133,3
19134,0
19135,4
19136,3
19137,0
19138,2
19139,3
19140,1
19141,0
19142,0
19143,2
19144,3
19145,3
19146,0
19147,2
19148,3
19149,1
19150,1
19151,4
19152,2
19153,1
19154,4
19155,3
19156,4
19157,2
19158,3
19159,1
19160,2
19161,1
19162,4
19163,1
19164,2
19165,3
19166,3
19167,3
19168,3
19169,3
19170,2
19171,1
19172,2
19173,4
19174,1
19175,2
19176,2
19177,0
19178,0
19179,4
19180,4
19181,3
19182,4
19183,2
19184,1
19185,1
19186,1
19187,0
19188,4
19189,3
19190,4
19191,1
19192,3
19193,2
19194,3
19195,2
19196,0
19197,1
19198,3
19199,1
19200,4
19201,4
19202,0
19203,1
19204,1
19205,0
19206,0
19207,4
19208,3
19209,0
19210,1
19211,2
19212,0
19213,2
19214,3
19215,2
19216,4
19217,3
19218,1
19219,4
19220,2
19221,4
19222,0
19223,1
19224,2
19225,4
19226,1
19227,3
19228,2
19229,4
19230,2
19231,2
19232,2
19233,1
19234,2
19235,0
19236,4
19237,0
19238,3
19239,1
19240,3
19241,3
19242,0
19243,3
19244,4
19245,4
19246,4
19247,0
19248,4
19249,4
19250,0
19251,3
19252,2
19253,1
19254,3
19255,1
19256,0
19257,2
19258,3
19259,3
19260,3
19261,2
19262,3
19263,4
19264,2
19265,3
19266,2
19267,0
19268,4
19269,4
19270,4
19271,3
19272,1
19273,1
19274,3
19275,3
19276,2
19277,4
19278,4
19279,3
19280,4
19281,2
19282,2
19283,2
19284,4
19285,1
19286,1
19287,1
19288,4
19289,2
19290,0
19291,1
19292,1
19293,0
19294,2
19295,4
19296,3
19297,1
19298,0
19299,3
19300,2
19301,2
19302,4
19303,2
19304,0
19305,1
19306,2
19307,3
19308,4
19309,1
19310,2
19311,0
19312,0
19313,2
19314,2
19315,3
19316,1
19317,0
19318,1
19319,3
19320,3
19321,3
19322,1
19323,4
19324,2
19325,3
19326,2
19327,1
19328,3
19329,3
19330,0
19331,1
19332,1
19333,2
19334,2
19335,1
19336,3
19337,1
19338,0
19339,0
19340,1
19341,4
19342,2
19343,4
19344,1
19345,3
19346,1
19347,3
19348,0
19349,2
19350,1
19351,0
19352,1
19353,4
19354,3
19355,3
19356,4
19357,2
19358,2
19359,1
19360,3
19361,0
19362,0
19363,4
19364,0
19365,2
19366,0
19367,3
19368,0
19369,3
19370,3
19371,0
19372,4
19373,3
19374,1
19375,2
19376,0
19377,2
19378,3
19379,2
19380,2
19381,1
19382,4
19383,3
19384,1
19385,3
19386,3
19387,0
19388,2
19389,3
19390,3
19391,2
19392,2
19393,4
19394,1
19395,0
19396,2
19397,2
19398,0
19399,3
19400,1
19401,3
19402,3
19403,2
19404,0
19405,4
19406,2
19407,4
19408,4
19409,2
19410,3
19411,0
19412,3
19413,0
19414,4
19415,1
19416,0
19417,1
19418,1
19419,2
19420,1
19421,0
19422,0
19423,2
19424,1
19425,0
19426,4
19427,3
19428,4
19429,4
19430,1
19431,0
19432,2
19433,2
19434,4
19435,1
19436,1
19437,1
19438,1
19439,3
19440,1
19441,4
19442,0
19443,2
19444,3
19445,3
19446,4
19447,4
19448,1
19449,2
19450,2
19451,4
19452,4
19453,0
19454,2
19455,3
19456,4
19457,4
19458,2
19459,4
19460,4
19461,1
19462,4
19463,0
19464,1
19465,2
19466,3
19467,1
19468,1
19469,3
19470,2
19471,2
19472,0
19473,1
19474,2
19475,4
19476,0
19477,4
19478,3
19479,0
19480,1
19481,3
19482,3
19483,2
19484,0
19485,1
19486,1
19487,0
19488,4
19489,4
19490,0
19491,3
19492,0
19493,0
19494,2
19495,3
19496,4
19497,0
19498,4
19499,0
19500,2
19501,4
19502,2
19503,2
19504,0
19505,4
19506,1
19507,2
19508,1
19509,3
19510,1
19511,2
19512,0
19513,1
19514,4
19515,1
19516,0
19517,0
19518,4
19519,1
19520,1
19521,2
19522,0
19523,3
19524,4
19525,4
19526,0
19527,4
19528,3
19529,3
19530,4
19531,1
19532,4
19533,3
19534,2
19535,1
19536,0
19537,2
19538,4
19539,4
19540,2
19541,3
19542,4
19543,1
19544,2
19545,2
19546,4
19547,1
19548,1
19549,3
19550,4
19551,4
19552,2
19553,0
19554,2
19555,0
19556,1
19557,1
19558,4
19559,4
19560,1
19561,3
19562,3
19563,4
19564,1
19565,2
19566,3
19567,1
19568,1
19569,2
19570,0
19571,4
19572,2
19573,4
19574,0
19575,2
19576,4
19577,2
19578,1
19579,3
19580,1
19581,4
19582,0
19583,1
19584,3
19585,4
19586,0
19587,2
19588,3
19589,0
19590,1
19591,2
19592,1
19593,1
19594,3
19595,3
19596,2
19597,1
19598,1
19599,1
19600,1
19601,1
19602,3
19603,3
19604,3
19605,4
19606,0
19607,2
19608,2
19609,0
19610,1
19611,2
19612,1
19613,4
19614,0
19615,0
19616,2
19617,2
19618,0
19619,4
19620,2
19621,2
19622,4
19623,2
19624,1
19625,3
19626,4
19627,4
19628,3
19629,0
19630,0
19631,1
19632,1
19633,1
19634,1
19635,4
19636,2
19637,2
19638,4
19639,1
19640,2
19641,2
19642,0
19643,3
19644,2
19645,0
19646,3
19647,1
19648,0
19649,2
19650,1
19651,2
19652,3
19653,2
19654,0
19655,4
19656,1
19657,2
19658,4
19659,0
19660,1
19661,3
19662,3
19663,4
19664,4
19665,0
19666,4
19667,2
19668,0
19669,1
19670,0
19671,0
19672,1
19673,0
19674,3
19675,0
19676,2
19677,4
19678,3
19679,0
19680,1
19681,1
19682,2
19683,0
19684,0
19685,0
19686,3
19687,4
19688,0
19689,1
19690,2
19691,0
19692,2
19693,0
19694,3
19695,0
19696,4
19697,4
19698,1
19699,0
19700,4
19701,3
19702,0
19703,3
19704,2
19705,0
19706,2
19707,4
19708,3
19709,4
19710,4
19711,1
19712,2
19713,4
19714,3
19715,3
19716,2
19717,3
19718,4
19719,3
19720,2
19721,2
19722,1
19723,2
19724,1
19725,0
19726,4
19727,4
19728,3
19729,4
19730,2
19731,4
19732,4
19733,2
19734,0
19735,0
19736,0
19737,0
19738,3
19739,4
19740,4
19741,0
19742,1
19743,4
19744,2
19745,3
19746,3
19747,1
19748,4
19749,3
19750,4
19751,2
19752,0
19753,1
19754,0
19755,1
19756,2
19757,4
19758,2
19759,2
19760,2
19761,1
19762,3
19763,0
19764,4
19765,4
19766,2
19767,2
19768,2
19769,3
19770,1
19771,2
19772,2
19773,1
19774,3
19775,3
19776,3
19777,2
19778,1
19779,3
19780,1
19781,1
19782,3
19783,3
19784,2
19785,2
19786,1
19787,4
19788,2
19789,1
19790,3
19791,1
19792,3
19793,4
19794,1
19795,3
19796,2
19797,0
19798,4
19799,0
19800,2
19801,1
19802,3
19803,0
19804,1
19805,2
19806,1
19807,2
19808,0
19809,4
19810,3
19811,0
19812,4
19813,3
19814,2
19815,1
19816,4
19817,1
19818,0
19819,0
19820,4
19821,2
19822,1
19823,2
19824,2
19825,1
19826,1
19827,0
19828,2
19829,0
19830,0
19831,2
19832,0
19833,2
19834,2
19835,2
19836,4
19837,0
19838,4
19839,2
19840,2
19841,2
19842,0
19843,1
19844,1
19845,0
19846,4
19847,3
19848,0
19849,2
19850,0
19851,2
19852,2
19853,1
19854,4
19855,3
19856,1
19857,0
19858,1
19859,3
19860,3
19861,0
19862,1
19863,1
19864,0
19865,1
19866,2
19867,1
19868,3
19869,4
19870,2
19871,0
19872,0
19873,4
19874,1
19875,2
19876,1
19877,1
19878,0
19879,2
19880,4
19881,0
19882,2
19883,1
19884,3
19885,3
19886,2
19887,1
19888,2
19889,2
19890,2
19891,3
19892,1
19893,1
19894,4
19895,0
19896,1
19897,2
19898,0
19899,1
19900,0
19901,4
19902,0
19903,0
19904,1
19905,3
19906,2
19907,2
19908,0
19909,3
19910,2
19911,2
19912,1
19913,4
19914,4
19915,1
19916,2
19917,0
19918,3
19919,2
19920,1
19921,2
19922,3
19923,2
19924,1
19925,2
19926,4
19927,0
19928,1
19929,1
19930,0
19931,1
19932,2
19933,0
19934,2
19935,3
19936,1
19937,1
19938,4
19939,1
19940,0
19941,4
19942,4
19943,1
19944,2
19945,3
19946,0
19947,3
19948,4
19949,3
19950,0
19951,0
19952,2
19953,1
19954,2
19955,1
19956,0
19957,3
19958,1
19959,3
19960,0
19961,0
19962,4
19963,1
19964,0
19965,4
19966,3
19967,2
19968,0
19969,0
19970,4
19971,1
19972,1
19973,0
19974,4
19975,3
19976,4
19977,2
19978,0
19979,0
19980,0
19981,2
19982,4
19983,2
19984,4
19985,1
19986,3
19987,2
19988,1
19989,3
19990,1
19991,0
19992,3
19993,1
19994,1
19995,2
19996,1
19997,4
19998,1
19999,4
20000,0
20001,4
20002,1
20003,1
20004,2
20005,2
20006,3
20007,3
20008,3
20009,1
20010,0
20011,0
20012,1
20013,4
20014,4
20015,0
20016,3
20017,2
20018,4
20019,4
20020,3
20021,4
20022,3
20023,3
20024,3
20025,3
20026,3
20027,2
20028,1
20029,4
20030,2
20031,4
20032,1
20033,1
20034,1
20035,4
20036,4
20037,1
20038,1
20039,4
20040,0
20041,1
20042,3
20043,2
20044,2
20045,2
20046,3
20047,4
20048,0
20049,4
20050,2
20051,1
20052,1
20053,0
20054,1
20055,1
20056,3
20057,1
20058,1
20059,4
20060,1
20061,3
20062,3
20063,4
20064,3
20065,0
20066,0
20067,2
20068,1
20069,1
20070,1
20071,3
20072,1
20073,3
20074,1
20075,0
20076,4
20077,1
20078,2
20079,4
20080,2
20081,0
20082,4
20083,1
20084,1
20085,2
20086,1
20087,3
20088,3
20089,1
20090,4
20091,3
20092,1
20093,2
